{
  "Simple_Greedy": {
    "metrics": {
      "total_requests": 20,
      "successful_requests": 13,
      "acceptance_ratio": 0.65,
      "total_revenue": 1524,
      "total_cost": 1858,
      "revenue_cost_ratio": 0.8202368137782562
    },
    "status": "SUCCESS",
    "utilization": {
      "peak_time": 30,
      "peak_active_vnrs": 5,
      "node_utilization": {
        "0": 0.5555555555555556,
        "1": 0.5733333333333334,
        "2": 0.949367088607595,
        "3": 0.7647058823529411,
        "4": 0.9552238805970149,
        "5": 0.65,
        "6": 0.527027027027027,
        "7": 0.6333333333333333
      },
      "edge_utilization": {
        "0-1": 0.25274725274725274,
        "1-0": 0.21978021978021978,
        "1-2": 0.22807017543859648,
        "2-1": 0.2807017543859649,
        "1-5": 0.3442622950819672,
        "5-1": 0.4918032786885246,
        "1-7": 0.32,
        "7-1": 0.22,
        "2-3": 0.22727272727272727,
        "3-2": 0.5909090909090909,
        "3-4": 0.44,
        "4-5": 0.2033898305084746,
        "5-6": 0.2222222222222222,
        "6-7": 0.08139534883720931
      },
      "summary": {
        "avg_node_utilization": 0.7010682626008501,
        "max_node_utilization": 0.9552238805970149,
        "min_node_utilization": 0.527027027027027,
        "std_node_utilization": 0.16018490551456738,
        "avg_edge_utilization": 0.29446815684801786,
        "max_edge_utilization": 0.5909090909090909,
        "num_nodes_over_80pct": 2,
        "num_nodes_over_50pct": 8,
        "num_nodes_unused": 0,
        "num_edges_utilized": 14
      }
    }
  },
  "RW_BFS": {
    "metrics": {
      "total_requests": 20,
      "successful_requests": 15,
      "acceptance_ratio": 0.75,
      "total_revenue": 1731,
      "total_cost": 1894,
      "revenue_cost_ratio": 0.9139387539598732
    },
    "status": "SUCCESS",
    "utilization": {
      "peak_time": 90,
      "peak_active_vnrs": 6,
      "node_utilization": {
        "0": 0.6984126984126984,
        "1": 0.8533333333333333,
        "2": 0.7468354430379747,
        "3": 0.788235294117647,
        "4": 0.7164179104477613,
        "5": 0.81,
        "6": 0.8918918918918919,
        "7": 0.7666666666666667
      },
      "edge_utilization": {
        "0-1": 0.08791208791208792,
        "0-2": 0.34444444444444444,
        "2-1": 0.7192982456140351,
        "1-5": 0.540983606557377,
        "5-1": 0.19672131147540983,
        "7-1": 0.2,
        "2-3": 0.20454545454545456,
        "3-2": 0.07954545454545454,
        "3-4": 0.44000000000000006,
        "4-3": 0.44,
        "4-5": 0.3559322033898305,
        "5-4": 0.3728813559322034,
        "5-6": 0.21212121212121213,
        "6-5": 0.2828282828282829,
        "7-6": 0.27906976744186046
      },
      "summary": {
        "avg_node_utilization": 0.7839741547384966,
        "max_node_utilization": 0.8918918918918919,
        "min_node_utilization": 0.6984126984126984,
        "std_node_utilization": 0.06196357557008395,
        "avg_edge_utilization": 0.3170855617871768,
        "max_edge_utilization": 0.7192982456140351,
        "num_nodes_over_80pct": 3,
        "num_nodes_over_50pct": 8,
        "num_nodes_unused": 0,
        "num_edges_utilized": 15
      }
    }
  },
  "RW_MaxMatch": {
    "metrics": {
      "total_requests": 20,
      "successful_requests": 17,
      "acceptance_ratio": 0.85,
      "total_revenue": 2061,
      "total_cost": 2459,
      "revenue_cost_ratio": 0.8381455876372509
    },
    "status": "SUCCESS",
    "utilization": {
      "peak_time": 35,
      "peak_active_vnrs": 6,
      "node_utilization": {
        "0": 0.8253968253968254,
        "1": 0.9866666666666668,
        "2": 0.860759493670886,
        "3": 0.8352941176470587,
        "4": 0.8059701492537312,
        "5": 0.7,
        "6": 0.945945945945946,
        "7": 0.7666666666666666
      },
      "edge_utilization": {
        "1-0": 0.2857142857142857,
        "0-2": 0.25555555555555554,
        "1-2": 0.7894736842105262,
        "2-1": 0.21052631578947367,
        "1-5": 0.360655737704918,
        "5-1": 0.5573770491803278,
        "1-7": 0.32,
        "7-1": 0.14,
        "2-3": 0.3295454545454546,
        "3-4": 0.30666666666666664,
        "4-5": 0.7796610169491526,
        "5-6": 0.25252525252525254,
        "6-5": 0.12121212121212122,
        "6-7": 0.23255813953488372,
        "7-6": 0.18604651162790697
      },
      "summary": {
        "avg_node_utilization": 0.8408374831559726,
        "max_node_utilization": 0.9866666666666668,
        "min_node_utilization": 0.7,
        "std_node_utilization": 0.08626427902344151,
        "avg_edge_utilization": 0.3418345194144351,
        "max_edge_utilization": 0.7894736842105262,
        "num_nodes_over_80pct": 6,
        "num_nodes_over_50pct": 8,
        "num_nodes_unused": 0,
        "num_edges_utilized": 15
      }
    }
  },
  "Yu2008": {
    "metrics": {
      "total_requests": 20,
      "successful_requests": 15,
      "acceptance_ratio": 0.75,
      "total_revenue": 1824,
      "total_cost": 2415,
      "revenue_cost_ratio": 0.7552795031055901
    },
    "status": "SUCCESS",
    "utilization": {
      "peak_time": 50,
      "peak_active_vnrs": 6,
      "node_utilization": {
        "0": 0.873015873015873,
        "1": 0.9466666666666667,
        "2": 0.8987341772151899,
        "3": 0.8352941176470589,
        "4": 0.208955223880597,
        "5": 0.79,
        "6": 0.7297297297297297,
        "7": 0.6666666666666666
      },
      "edge_utilization": {
        "0-1": 0.27472527472527475,
        "1-0": 0.4285714285714286,
        "0-2": 0.12222222222222222,
        "2-0": 0.1,
        "1-2": 0.631578947368421,
        "2-1": 0.3157894736842105,
        "1-5": 0.5901639344262295,
        "5-1": 0.3770491803278689,
        "1-7": 0.58,
        "7-1": 0.4,
        "2-3": 0.28409090909090906,
        "3-2": 0.10227272727272728,
        "3-4": 0.25333333333333335,
        "4-3": 0.14666666666666667,
        "4-5": 0.3220338983050848,
        "5-4": 0.4067796610169492,
        "5-6": 0.5151515151515151,
        "6-5": 0.04040404040404041,
        "7-6": 0.046511627906976744
      },
      "summary": {
        "avg_node_utilization": 0.7436328068527227,
        "max_node_utilization": 0.9466666666666667,
        "min_node_utilization": 0.208955223880597,
        "std_node_utilization": 0.2192510187112811,
        "avg_edge_utilization": 0.3124918337091504,
        "max_edge_utilization": 0.631578947368421,
        "num_nodes_over_80pct": 4,
        "num_nodes_over_50pct": 7,
        "num_nodes_unused": 0,
        "num_edges_utilized": 19
      }
    }
  }
}