{
  "Simple_Greedy": {
    "metrics": {
      "total_requests": 20,
      "successful_requests": 13,
      "acceptance_ratio": 0.65,
      "total_revenue": 1524,
      "total_cost": 1858,
      "revenue_cost_ratio": 0.8202368137782562
    },
    "status": "SUCCESS",
    "utilization": {
      "peak_time": 30,
      "peak_active_vnrs": 5,
      "node_utilization": {
        "0": 0.5555555555555556,
        "1": 0.5733333333333334,
        "2": 0.949367088607595,
        "3": 0.7647058823529411,
        "4": 0.9552238805970149,
        "5": 0.65,
        "6": 0.527027027027027,
        "7": 0.6333333333333333
      },
      "edge_utilization": {
        "0-1": 0.4725274725274725,
        "1-2": 0.5087719298245614,
        "1-5": 0.8360655737704918,
        "1-7": 0.54,
        "2-3": 0.8181818181818182,
        "3-4": 0.44,
        "4-5": 0.2033898305084746,
        "5-6": 0.2222222222222222,
        "6-7": 0.08139534883720931
      },
      "summary": {
        "avg_node_utilization": 0.7010682626008501,
        "max_node_utilization": 0.9552238805970149,
        "min_node_utilization": 0.527027027027027,
        "std_node_utilization": 0.16018490551456738,
        "avg_edge_utilization": 0.4580615773191389,
        "max_edge_utilization": 0.8360655737704918,
        "num_nodes_over_80pct": 2,
        "num_nodes_over_50pct": 8,
        "num_nodes_unused": 0,
        "num_edges_utilized": 9
      }
    }
  },
  "RW_BFS": {
    "metrics": {
      "total_requests": 20,
      "successful_requests": 15,
      "acceptance_ratio": 0.75,
      "total_revenue": 1683,
      "total_cost": 1817,
      "revenue_cost_ratio": 0.9262520638414969
    },
    "status": "SUCCESS",
    "utilization": {
      "peak_time": 90,
      "peak_active_vnrs": 6,
      "node_utilization": {
        "0": 0.6349206349206349,
        "1": 0.8666666666666667,
        "2": 0.8860759493670886,
        "3": 0.4,
        "4": 0.9104477611940298,
        "5": 0.96,
        "6": 0.7432432432432432,
        "7": 0.7833333333333334
      },
      "edge_utilization": {
        "0-1": 0.10989010989010989,
        "0-2": 0.2111111111111111,
        "1-2": 0.7368421052631579,
        "1-5": 0.7049180327868853,
        "1-7": 0.16,
        "2-3": 0.38636363636363635,
        "3-4": 0.5066666666666667,
        "4-5": 0.3728813559322034,
        "5-6": 0.5151515151515151,
        "6-7": 0.36046511627906974
      },
      "summary": {
        "avg_node_utilization": 0.7730859485906245,
        "max_node_utilization": 0.96,
        "min_node_utilization": 0.4,
        "std_node_utilization": 0.17124821026103498,
        "avg_edge_utilization": 0.4064289649444356,
        "max_edge_utilization": 0.7368421052631579,
        "num_nodes_over_80pct": 4,
        "num_nodes_over_50pct": 7,
        "num_nodes_unused": 0,
        "num_edges_utilized": 10
      }
    }
  },
  "RW_MaxMatch": {
    "metrics": {
      "total_requests": 20,
      "successful_requests": 14,
      "acceptance_ratio": 0.7,
      "total_revenue": 1675,
      "total_cost": 1961,
      "revenue_cost_ratio": 0.8541560428352881
    },
    "status": "SUCCESS",
    "utilization": {
      "peak_time": 35,
      "peak_active_vnrs": 6,
      "node_utilization": {
        "0": 0.8253968253968254,
        "1": 0.9866666666666668,
        "2": 0.860759493670886,
        "3": 0.8352941176470587,
        "4": 0.8059701492537312,
        "5": 0.7,
        "6": 0.945945945945946,
        "7": 0.7666666666666666
      },
      "edge_utilization": {
        "0-1": 0.2857142857142857,
        "0-2": 0.25555555555555554,
        "1-2": 0.9999999999999999,
        "1-5": 0.9180327868852458,
        "1-7": 0.46,
        "2-3": 0.3295454545454546,
        "3-4": 0.30666666666666664,
        "4-5": 0.7796610169491526,
        "5-6": 0.37373737373737376,
        "6-7": 0.41860465116279066
      },
      "summary": {
        "avg_node_utilization": 0.8408374831559726,
        "max_node_utilization": 0.9866666666666668,
        "min_node_utilization": 0.7,
        "std_node_utilization": 0.08626427902344151,
        "avg_edge_utilization": 0.5127517791216525,
        "max_edge_utilization": 0.9999999999999999,
        "num_nodes_over_80pct": 6,
        "num_nodes_over_50pct": 8,
        "num_nodes_unused": 0,
        "num_edges_utilized": 10
      }
    }
  },
  "Yu2008": {
    "metrics": {
      "total_requests": 20,
      "successful_requests": 15,
      "acceptance_ratio": 0.75,
      "total_revenue": 1824,
      "total_cost": 2415,
      "revenue_cost_ratio": 0.7552795031055901
    },
    "status": "SUCCESS",
    "utilization": {
      "peak_time": 50,
      "peak_active_vnrs": 6,
      "node_utilization": {
        "0": 0.873015873015873,
        "1": 0.9466666666666667,
        "2": 0.8987341772151899,
        "3": 0.8352941176470589,
        "4": 0.208955223880597,
        "5": 0.79,
        "6": 0.7297297297297297,
        "7": 0.6666666666666666
      },
      "edge_utilization": {
        "0-1": 0.7032967032967034,
        "0-2": 0.2222222222222222,
        "1-2": 0.9473684210526316,
        "1-5": 0.9672131147540983,
        "1-7": 0.98,
        "2-3": 0.38636363636363635,
        "3-4": 0.4,
        "4-5": 0.728813559322034,
        "5-6": 0.5555555555555556,
        "6-7": 0.046511627906976744
      },
      "summary": {
        "avg_node_utilization": 0.7436328068527227,
        "max_node_utilization": 0.9466666666666667,
        "min_node_utilization": 0.208955223880597,
        "std_node_utilization": 0.2192510187112811,
        "avg_edge_utilization": 0.5937344840473858,
        "max_edge_utilization": 0.98,
        "num_nodes_over_80pct": 4,
        "num_nodes_over_50pct": 7,
        "num_nodes_unused": 0,
        "num_edges_utilized": 10
      }
    }
  }
}