{
  "Simple_Greedy": {
    "metrics": {
      "total_requests": 20,
      "successful_requests": 15,
      "acceptance_ratio": 0.75,
      "blocking_probability": 0.25,
      "total_revenue": 1744,
      "total_cost": 2361,
      "revenue_cost_ratio": 0.739
    },
    "status": "SUCCESS",
    "utilization": {
      "peak_time": 100,
      "peak_active_vnrs": 6,
      "node_utilization": {
        "0": 0.345679012345679,
        "1": 0.0,
        "2": 0.5652173913043479,
        "3": 0.5365853658536586,
        "4": 0.4942528735632184,
        "5": 0.4393939393939394,
        "6": 0.0,
        "7": 0.5454545454545454,
        "8": 0.43373493975903615,
        "9": 0.5783132530120482,
        "10": 0.5353535353535354,
        "11": 0.0,
        "12": 0.4148936170212766,
        "13": 0.39344262295081966,
        "14": 0.0,
        "15": 0.5632183908045978
      },
      "edge_utilization": {
        "0-1": 0.07368421052631578,
        "0-6": 0.28125,
        "0-12": 0.5063291139240507,
        "1-2": 0.76,
        "1-3": 0.12280701754385964,
        "1-5": 0.125,
        "1-15": 0.8070175438596492,
        "2-3": 0.3222222222222222,
        "2-7": 0.9710144927536232,
        "2-10": 0.8928571428571428,
        "3-4": 0.4347826086956522,
        "3-7": 0.13043478260869565,
        "4-5": 0.3829787234042553,
        "5-8": 0.3225806451612903,
        "5-13": 0.4714285714285714,
        "6-7": 0.32727272727272727,
        "7-8": 0.4833333333333333,
        "8-9": 0.2676056338028169,
        "9-10": 0.09090909090909091,
        "10-11": 0.1111111111111111,
        "11-12": 0.12087912087912088,
        "12-13": 0.2033898305084746
      },
      "summary": {
        "avg_node_utilization": 0.36534621792604394,
        "max_node_utilization": 0.5783132530120482,
        "min_node_utilization": 0.0,
        "std_node_utilization": 0.2207148584575413,
        "avg_edge_utilization": 0.37313126921827283,
        "max_edge_utilization": 0.9710144927536232,
        "num_nodes_over_80pct": 0,
        "num_nodes_over_50pct": 6,
        "num_nodes_unused": 4,
        "num_edges_utilized": 22
      }
    }
  },
  "RW_BFS": {
    "metrics": {
      "total_requests": 20,
      "successful_requests": 20,
      "acceptance_ratio": 1.0,
      "blocking_probability": 0.0,
      "total_revenue": 2398,
      "total_cost": 2440,
      "revenue_cost_ratio": 0.983
    },
    "status": "SUCCESS",
    "utilization": {
      "peak_time": 100,
      "peak_active_vnrs": 8,
      "node_utilization": {
        "0": 0.654320987654321,
        "1": 1.0,
        "2": 0.7065217391304348,
        "3": 0.7682926829268293,
        "4": 0.5287356321839081,
        "5": 0.8636363636363636,
        "6": 0.37254901960784315,
        "7": 1.0,
        "8": 0.21686746987951808,
        "9": 0.3855421686746988,
        "10": 0.45454545454545453,
        "11": 0.6785714285714286,
        "12": 0.26595744680851063,
        "13": 0.29508196721311475,
        "14": 0.5576923076923077,
        "15": 0.0
      },
      "edge_utilization": {
        "0-1": 0.23157894736842105,
        "0-12": 0.3037974683544304,
        "0-14": 0.1595744680851064,
        "1-2": 0.56,
        "1-5": 0.375,
        "2-3": 0.2777777777777778,
        "2-7": 0.49275362318840576,
        "2-10": 0.23214285714285715,
        "3-4": 0.2028985507246377,
        "3-7": 0.49275362318840576,
        "4-5": 0.23404255319148937,
        "4-7": 0.3717948717948718,
        "5-6": 0.1348314606741573,
        "7-8": 0.33333333333333337,
        "9-10": 0.34090909090909094,
        "10-11": 0.20202020202020204,
        "11-12": 0.10989010989010989,
        "11-13": 0.1348314606741573,
        "12-13": 0.1864406779661017
      },
      "summary": {
        "avg_node_utilization": 0.5467696667827958,
        "max_node_utilization": 1.0,
        "min_node_utilization": 0.0,
        "std_node_utilization": 0.27727060796948755,
        "avg_edge_utilization": 0.28296689875176606,
        "max_edge_utilization": 0.56,
        "num_nodes_over_80pct": 3,
        "num_nodes_over_50pct": 9,
        "num_nodes_unused": 1,
        "num_edges_utilized": 19
      }
    }
  },
  "RW_MaxMatch": {
    "metrics": {
      "total_requests": 20,
      "successful_requests": 19,
      "acceptance_ratio": 0.95,
      "blocking_probability": 0.05,
      "total_revenue": 2255,
      "total_cost": 2878,
      "revenue_cost_ratio": 0.784
    },
    "status": "SUCCESS",
    "utilization": {
      "peak_time": 60,
      "peak_active_vnrs": 7,
      "node_utilization": {
        "0": 0.5555555555555556,
        "1": 0.9433962264150944,
        "2": 0.44565217391304346,
        "3": 0.6341463414634146,
        "4": 0.4482758620689655,
        "5": 0.7424242424242424,
        "6": 0.1568627450980392,
        "7": 0.6590909090909091,
        "8": 0.0,
        "9": 0.25301204819277107,
        "10": 0.5858585858585859,
        "11": 0.21428571428571427,
        "12": 0.43617021276595747,
        "13": 0.4426229508196721,
        "14": 0.4807692307692308,
        "15": 0.0
      },
      "edge_utilization": {
        "0-1": 0.3473684210526316,
        "0-6": 0.453125,
        "0-12": 0.2784810126582279,
        "0-14": 0.14893617021276595,
        "1-2": 0.9199999999999999,
        "1-3": 0.3333333333333333,
        "1-5": 0.671875,
        "1-6": 0.0684931506849315,
        "1-14": 0.22857142857142856,
        "2-3": 0.47777777777777775,
        "2-7": 0.34782608695652173,
        "2-10": 0.625,
        "3-4": 0.536231884057971,
        "3-7": 0.13043478260869565,
        "4-5": 0.19148936170212766,
        "4-7": 0.23076923076923078,
        "5-8": 0.6451612903225806,
        "5-13": 0.41428571428571426,
        "6-7": 0.45454545454545453,
        "8-9": 0.5633802816901409,
        "9-10": 0.19318181818181818,
        "10-11": 0.22222222222222224,
        "11-12": 0.14285714285714285
      },
      "summary": {
        "avg_node_utilization": 0.43738267492007477,
        "max_node_utilization": 0.9433962264150944,
        "min_node_utilization": 0.0,
        "std_node_utilization": 0.2525052315121007,
        "avg_edge_utilization": 0.3750150680213355,
        "max_edge_utilization": 0.9199999999999999,
        "num_nodes_over_80pct": 1,
        "num_nodes_over_50pct": 6,
        "num_nodes_unused": 2,
        "num_edges_utilized": 23
      }
    }
  },
  "Yu2008": {
    "metrics": {
      "total_requests": 20,
      "successful_requests": 19,
      "acceptance_ratio": 0.95,
      "blocking_probability": 0.05,
      "total_revenue": 2308,
      "total_cost": 3301,
      "revenue_cost_ratio": 0.699
    },
    "status": "SUCCESS",
    "utilization": {
      "peak_time": 50,
      "peak_active_vnrs": 8,
      "node_utilization": {
        "0": 0.8024691358024691,
        "1": 0.7547169811320755,
        "2": 0.44565217391304346,
        "3": 0.6463414634146342,
        "4": 0.3448275862068966,
        "5": 0.6666666666666667,
        "6": 0.4117647058823529,
        "7": 0.7045454545454546,
        "8": 0.4457831325301205,
        "9": 0.3614457831325301,
        "10": 0.5454545454545454,
        "11": 0.35714285714285715,
        "12": 0.5638297872340425,
        "13": 0.5245901639344263,
        "14": 0.4230769230769231,
        "15": 0.1724137931034483
      },
      "edge_utilization": {
        "0-1": 0.6210526315789474,
        "0-6": 0.46875,
        "0-12": 0.22784810126582278,
        "0-14": 0.11702127659574468,
        "1-2": 0.46,
        "1-3": 0.5438596491228069,
        "1-5": 0.71875,
        "1-6": 0.1095890410958904,
        "1-14": 0.2,
        "1-15": 0.2982456140350877,
        "2-3": 0.42222222222222217,
        "2-7": 0.13043478260869565,
        "2-10": 0.5714285714285714,
        "3-4": 0.5797101449275361,
        "3-7": 0.17391304347826086,
        "4-5": 0.10638297872340426,
        "4-7": 0.1282051282051282,
        "5-6": 0.16853932584269662,
        "5-8": 0.8064516129032258,
        "5-13": 0.3,
        "6-7": 0.5454545454545454,