{
  "Simple_Greedy": {
    "metrics": {
      "total_requests": 20,
      "successful_requests": 15,
      "acceptance_ratio": 0.75,
      "blocking_probability": 0.25,
      "total_revenue": 1744,
      "total_cost": 2361,
      "revenue_cost_ratio": 0.739
    },
    "status": "SUCCESS",
    "utilization": {
      "peak_time": 100,
      "peak_active_vnrs": 6,
      "node_utilization": {
        "0": 0.345679012345679,
        "1": 0.0,
        "2": 0.5652173913043479,
        "3": 0.5365853658536586,
        "4": 0.4942528735632184,
        "5": 0.4393939393939394,
        "6": 0.0,
        "7": 0.5454545454545454,
        "8": 0.43373493975903615,
        "9": 0.5783132530120482,
        "10": 0.5353535353535354,
        "11": 0.0,
        "12": 0.4148936170212766,
        "13": 0.39344262295081966,
        "14": 0.0,
        "15": 0.5632183908045978
      },
      "edge_utilization": {
        "1-0": 0.07368421052631578,
        "0-6": 0.28125,
        "0-12": 0.27848101265822783,
        "12-0": 0.22784810126582278,
        "1-2": 0.26,
        "2-1": 0.5,
        "3-1": 0.12280701754385964,
        "5-1": 0.125,
        "1-15": 0.5789473684210527,
        "15-1": 0.22807017543859648,
        "2-3": 0.17777777777777778,
        "3-2": 0.14444444444444443,
        "2-7": 0.18840579710144928,
        "7-2": 0.782608695652174,
        "2-10": 0.39285714285714285,
        "10-2": 0.5,
        "3-4": 0.2463768115942029,
        "4-3": 0.18840579710144928,
        "3-7": 0.13043478260869565,
        "4-5": 0.3829787234042553,
        "8-5": 0.3225806451612903,
        "5-13": 0.4714285714285714,
        "6-7": 0.32727272727272727,
        "7-8": 0.31666666666666665,
        "8-7": 0.16666666666666666,
        "8-9": 0.2676056338028169,
        "10-9": 0.09090909090909091,
        "11-10": 0.1111111111111111,
        "12-11": 0.12087912087912088,
        "13-12": 0.2033898305084746
      },
      "summary": {
        "avg_node_utilization": 0.36534621792604394,
        "max_node_utilization": 0.5783132530120482,
        "min_node_utilization": 0.0,
        "std_node_utilization": 0.2207148584575413,
        "avg_edge_utilization": 0.27362959742673343,
        "max_edge_utilization": 0.782608695652174,
        "num_nodes_over_80pct": 0,
        "num_nodes_over_50pct": 6,
        "num_nodes_unused": 4,
        "num_edges_utilized": 30
      }
    }
  },
  "RW_BFS": {
    "metrics": {
      "total_requests": 20,
      "successful_requests": 20,
      "acceptance_ratio": 1.0,
      "blocking_probability": 0.0,
      "total_revenue": 2398,
      "total_cost": 2440,
      "revenue_cost_ratio": 0.983
    },
    "status": "SUCCESS",
    "utilization": {
      "peak_time": 100,
      "peak_active_vnrs": 8,
      "node_utilization": {
        "0": 0.654320987654321,
        "1": 1.0,
        "2": 0.7065217391304348,
        "3": 0.7682926829268293,
        "4": 0.5287356321839081,
        "5": 0.8636363636363636,
        "6": 0.37254901960784315,
        "7": 1.0,
        "8": 0.21686746987951808,
        "9": 0.3855421686746988,
        "10": 0.45454545454545453,
        "11": 0.6785714285714286,
        "12": 0.26595744680851063,
        "13": 0.29508196721311475,
        "14": 0.5576923076923077,
        "15": 0.0
      },
      "edge_utilization": {
        "0-1": 0.09473684210526316,
        "1-0": 0.1368421052631579,
        "0-12": 0.17721518987341772,
        "12-0": 0.12658227848101267,
        "14-0": 0.1595744680851064,
        "1-2": 0.42,
        "2-1": 0.14,
        "1-5": 0.25,
        "5-1": 0.125,
        "2-3": 0.1111111111111111,
        "3-2": 0.16666666666666666,
        "2-7": 0.10144927536231885,
        "7-2": 0.391304347826087,
        "10-2": 0.23214285714285715,
        "4-3": 0.2028985507246377,
        "3-7": 0.49275362318840576,
        "5-4": 0.23404255319148937,
        "4-7": 0.3717948717948718,
        "6-5": 0.1348314606741573,
        "7-8": 0.11666666666666667,
        "8-7": 0.21666666666666667,
        "9-10": 0.34090909090909094,
        "10-11": 0.08080808080808081,
        "11-10": 0.12121212121212122,
        "11-12": 0.10989010989010989,
        "11-13": 0.1348314606741573,
        "13-12": 0.1864406779661017
      },
      "summary": {
        "avg_node_utilization": 0.5467696667827958,
        "max_node_utilization": 1.0,
        "min_node_utilization": 0.0,
        "std_node_utilization": 0.27727060796948755,
        "avg_edge_utilization": 0.19912485467716876,
        "max_edge_utilization": 0.49275362318840576,
        "num_nodes_over_80pct": 3,
        "num_nodes_over_50pct": 9,
        "num_nodes_unused": 1,
        "num_edges_utilized": 27
      }
    }
  },
  "RW_MaxMatch": {
    "metrics": {
      "total_requests": 20,
      "successful_requests": 20,
      "acceptance_ratio": 1.0,
      "blocking_probability": 0.0,
      "total_revenue": 2398,
      "total_cost": 3082,
      "revenue_cost_ratio": 0.778
    },
    "status": "SUCCESS",
    "utilization": {
      "peak_time": 100,
      "peak_active_vnrs": 8,
      "node_utilization": {
        "0": 0.7530864197530864,
        "1": 0.9433962264150944,
        "2": 0.6956521739130435,
        "3": 0.8292682926829269,
        "4": 0.3563218390804598,
        "5": 0.9090909090909091,
        "6": 0.5882352941176471,
        "7": 0.9659090909090909,
        "8": 0.14457831325301204,
        "9": 0.0,
        "10": 0.505050505050505,
        "11": 0.44642857142857145,
        "12": 0.5212765957446809,
        "13": 0.3442622950819672,
        "14": 0.5,
        "15": 0.19540229885057472
      },
      "edge_utilization": {
        "0-1": 0.26315789473684215,
        "0-6": 0.28125,
        "6-0": 0.1875,
        "0-12": 0.189873417721519,
        "12-0": 0.12658227848101267,
        "1-2": 0.16,
        "2-1": 0.18,
        "1-3": 0.21052631578947367,
        "1-5": 0.328125,
        "5-1": 0.390625,
        "1-6": 0.1232876712328767,
        "6-1": 0.0958904109589041,
        "1-14": 0.35714285714285715,
        "2-3": 0.3888888888888889,
        "2-7": 0.2898550724637681,
        "7-2": 0.42028985507246375,
        "2-10": 0.6607142857142857,
        "10-2": 0.4464285714285714,
        "3-4": 0.36231884057971014,
        "4-3": 0.2028985507246377,
        "3-7": 0.2028985507246377,
        "7-3": 0.15942028985507245,
        "5-8": 0.12903225806451613,
        "8-5": 0.3387096774193548,
        "13-5": 0.5428571428571428,
        "6-7": 0.14545454545454545,
        "7-6": 0.21818181818181817,
        "9-8": 0.29577464788732394,
        "10-9": 0.23863636363636365,
        "12-11": 0.15384615384615385,
        "11-13": 0.12359550561797752,
        "12-13": 0.15254237288135594,
        "14-13": 0.3548387096774194,
        "15-14": 0.23157894736842105
      },
      "summary": {
        "avg_node_utilization": 0.543622426585723,
        "max_node_utilization": 0.9659090909090909,
        "min_node_utilization": 0.0,
        "std_node_utilization": 0.2835561975040892,
        "avg_edge_utilization": 0.2633153498355269,
        "max_edge_utilization": 0.6607142857142857,
        "num_nodes_over_80pct": 4,
        "num_nodes_over_50pct": 9,
        "num_nodes_unused": 1,
        "num_edges_utilized": 34
      }
    }
  },
  "Yu2008": {
    "metrics": {
      "total_requests": 20,
      "successful_requests": 19,
      "acceptance_ratio": 0.95,
      "blocking_probability": 0.05,
      "total_revenue": 2308,
      "total_cost": 3301,
      "revenue_cost_ratio": 0.699
    },
    "status": "SUCCESS",
    "utilization": {
      "peak_time": 50,
      "peak_active_vnrs": 8,
      "node_utilization": {
        "0": 0.8024691358024691,
        "1": 0.7547169811320755,
        "2": 0.44565217391304346,
        "3": 0.6463414634146342,
        "4": 0.3448275862068966,
        "5": 0.6666666666666667,
        "6": 0.4117647058823529,
        "7": 0.7045454545454546,
        "8": 0.4457831325301205,
        "9": 0.3614457831325301,
        "10": 0.5454545454545454,