{
  "Simple_Greedy": {
    "metrics": {
      "total_requests": 20,
      "successful_requests": 16,
      "acceptance_ratio": 0.8,
      "total_revenue": 1878,
      "total_cost": 2241,
      "revenue_cost_ratio": 0.8380187416331994
    },
    "status": "SUCCESS",
    "utilization": {
      "peak_time": 35,
      "peak_active_vnrs": 6,
      "node_utilization": {
        "0": 0.8533333333333334,
        "1": 0.9183673469387754,
        "2": 0.660377358490566,
        "3": 0.6785714285714286,
        "4": 0.8840579710144927,
        "5": 1.0,
        "6": 0.8051948051948052,
        "7": 0.9696969696969697
      },
      "edge_utilization": {
        "0-1": 0.23076923076923078,
        "1-0": 0.4461538461538462,
        "0-3": 0.07368421052631578,
        "0-4": 0.2597402597402597,
        "1-2": 0.13131313131313133,
        "1-4": 0.12195121951219512,
        "4-1": 0.4146341463414634,
        "1-7": 0.5432098765432098,
        "7-1": 0.2716049382716049,
        "3-2": 0.12643678160919541,
        "3-4": 0.1864406779661017,
        "6-3": 0.5094339622641509,
        "4-5": 0.12903225806451613,
        "5-4": 0.26881720430107525,
        "5-6": 0.25287356321839083,
        "6-5": 0.14942528735632185,
        "6-7": 0.3142857142857143,
        "7-6": 0.2857142857142857
      },
      "summary": {
        "avg_node_utilization": 0.8461999016550463,
        "max_node_utilization": 1.0,
        "min_node_utilization": 0.660377358490566,
        "std_node_utilization": 0.1172118786428856,
        "avg_edge_utilization": 0.26197336633061163,
        "max_edge_utilization": 0.5432098765432098,
        "num_nodes_over_80pct": 6,
        "num_nodes_over_50pct": 8,
        "num_nodes_unused": 0,
        "num_edges_utilized": 18
      }
    }
  },
  "RW_BFS": {
    "metrics": {
      "total_requests": 20,
      "successful_requests": 17,
      "acceptance_ratio": 0.85,
      "total_revenue": 2008,
      "total_cost": 2151,
      "revenue_cost_ratio": 0.9335192933519293
    },
    "status": "SUCCESS",
    "utilization": {
      "peak_time": 35,
      "peak_active_vnrs": 6,
      "node_utilization": {
        "0": 0.9200000000000002,
        "1": 0.9285714285714286,
        "2": 0.7924528301886793,
        "3": 0.9464285714285714,
        "4": 0.8260869565217391,
        "5": 0.6923076923076923,
        "6": 0.935064935064935,
        "7": 0.8787878787878788
      },
      "edge_utilization": {
        "0-1": 0.3076923076923077,
        "2-0": 0.16842105263157894,
        "3-0": 0.3473684210526316,
        "0-4": 0.23376623376623376,
        "4-0": 0.14285714285714285,
        "1-2": 0.1414141414141414,
        "2-1": 0.0707070707070707,
        "1-4": 0.3414634146341463,
        "4-1": 0.12195121951219512,
        "1-7": 0.08641975308641975,
        "3-2": 0.10344827586206896,
        "6-3": 0.22641509433962265,
        "4-5": 0.13978494623655913,
        "5-6": 0.10344827586206896,
        "6-5": 0.5172413793103448,
        "7-6": 0.44285714285714284
      },
      "summary": {
        "avg_node_utilization": 0.8649625366088656,
        "max_node_utilization": 0.9464285714285714,
        "min_node_utilization": 0.6923076923076923,
        "std_node_utilization": 0.08321363936508239,
        "avg_edge_utilization": 0.21845349198885472,
        "max_edge_utilization": 0.5172413793103448,
        "num_nodes_over_80pct": 6,
        "num_nodes_over_50pct": 8,
        "num_nodes_unused": 0,
        "num_edges_utilized": 16
      }
    }
  },
  "RW_MaxMatch": {
    "metrics": {
      "total_requests": 20,
      "successful_requests": 16,
      "acceptance_ratio": 0.8,
      "total_revenue": 1865,
      "total_cost": 2057,
      "revenue_cost_ratio": 0.9066601847350511
    },
    "status": "SUCCESS",
    "utilization": {
      "peak_time": 35,
      "peak_active_vnrs": 6,
      "node_utilization": {
        "0": 0.9200000000000002,
        "1": 0.989795918367347,
        "2": 0.7924528301886793,
        "3": 0.8571428571428572,
        "4": 0.8260869565217391,
        "5": 0.8681318681318682,
        "6": 0.8311688311688311,
        "7": 0.7424242424242424
      },
      "edge_utilization": {
        "0-1": 0.38461538461538464,
        "1-0": 0.18461538461538463,
        "0-2": 0.16842105263157894,
        "0-3": 0.12631578947368421,
        "3-0": 0.12631578947368421,
        "0-4": 0.2727272727272727,
        "4-0": 0.1038961038961039,
        "4-1": 0.4268292682926829,
        "1-7": 0.24691358024691357,
        "2-3": 0.24137931034482757,
        "3-2": 0.10344827586206896,
        "3-6": 0.4716981132075472,
        "6-3": 0.22641509433962265,
        "5-4": 0.4301075268817204,
        "5-6": 0.2413793103448276,
        "6-5": 0.10344827586206896,
        "6-7": 0.18571428571428572
      },
      "summary": {
        "avg_node_utilization": 0.8534004379931956,
        "max_node_utilization": 0.989795918367347,
        "min_node_utilization": 0.7424242424242424,
        "std_node_utilization": 0.07118711870236118,
        "avg_edge_utilization": 0.23789645991350938,
        "max_edge_utilization": 0.4716981132075472,
        "num_nodes_over_80pct": 6,
        "num_nodes_over_50pct": 8,
        "num_nodes_unused": 0,
        "num_edges_utilized": 17
      }
    }
  },
  "Yu2008": {
    "metrics": {
      "total_requests": 20,
      "successful_requests": 18,
      "acceptance_ratio": 0.9,
      "total_revenue": 2224,
      "total_cost": 2597,
      "revenue_cost_ratio": 0.8563727377743551
    },
    "status": "SUCCESS",
    "utilization": {
      "peak_time": 50,
      "peak_active_vnrs": 6,
      "node_utilization": {
        "0": 0.8266666666666667,
        "1": 0.9285714285714286,
        "2": 0.8490566037735849,
        "3": 0.6964285714285714,
        "4": 0.8840579710144928,
        "5": 0.7692307692307692,
        "6": 0.7402597402597402,
        "7": 0.4545454545454546
      },
      "edge_utilization": {
        "0-1": 0.13846153846153847,
        "1-0": 0.38461538461538464,
        "0-2": 0.09473684210526316,
        "2-0": 0.11578947368421053,
        "0-3": 0.1368421052631579,
        "3-0": 0.10526315789473684,
        "4-0": 0.14285714285714285,
        "2-1": 0.12121212121212122,
        "1-4": 0.21951219512195125,
        "4-1": 0.24390243902439024,
        "1-7": 0.4567901234567901,
        "7-1": 0.09876543209876543,
        "2-3": 0.3103448275862069,
        "3-4": 0.0847457627118644,
        "3-6": 0.33962264150943394,
        "6-3": 0.18867924528301888,
        "4-5": 0.44086021505376344,
        "5-4": 0.21505376344086022,
        "5-6": 0.06896551724137931,
        "6-7": 0.48571428571428565,
        "7-6": 0.22857142857142856
      },
      "summary": {
        "avg_node_utilization": 0.7686021506863385,
        "max_node_utilization": 0.9285714285714286,
        "min_node_utilization": 0.4545454545454546,
        "std_node_utilization": 0.13847786135163934,
        "avg_edge_utilization": 0.22006217347179494,
        "max_edge_utilization": 0.48571428571428565,
        "num_nodes_over_80pct": 4,
        "num_nodes_over_50pct": 7,
        "num_nodes_unused": 0,
        "num_edges_utilized": 21
      }
    }
  }
}