{
  "Simple_Greedy": {
    "metrics": {
      "total_requests": 20,
      "successful_requests": 19,
      "acceptance_ratio": 0.95,
      "total_revenue": 2286,
      "total_cost": 2845,
      "revenue_cost_ratio": 0.8035149384885765
    },
    "status": "SUCCESS",
    "utilization": {
      "peak_time": 60,
      "peak_active_vnrs": 7,
      "node_utilization": {
        "1": 0.44,
        "2": 0.4866666666666667,
        "3": 0.1875,
        "4": 0.4833333333333334,
        "5": 0.26666666666666666,
        "6": 0.34545454545454546,
        "7": 0.34285714285714286,
        "8": 0.36500000000000005,
        "9": 0.5588235294117647,
        "10": 0.44615384615384623
      },
      "edge_utilization": {
        "1-2": 0.17,
        "1-3": 0.2125,
        "1-7": 0.3666666666666667,
        "2-4": 0.7222222222222223,
        "2-7": 0.45925925925925926,
        "4-8": 0.40909090909090906,
        "5-6": 0.10526315789473684,
        "5-7": 0.11428571428571428,
        "6-7": 0.21599999999999997,
        "6-9": 0.11764705882352941,
        "7-8": 0.5241379310344828,
        "7-9": 0.4756756756756757,
        "8-10": 0.6285714285714286,
        "9-10": 0.07
      },
      "summary": {
        "avg_node_utilization": 0.3922455730543966,
        "max_node_utilization": 0.5588235294117647,
        "min_node_utilization": 0.1875,
        "std_node_utilization": 0.10639965963498575,
        "avg_edge_utilization": 0.32795143025175894,
        "max_edge_utilization": 0.7222222222222223,
        "num_nodes_over_80pct": 0,
        "num_nodes_over_50pct": 1,
        "num_nodes_unused": 0,
        "num_edges_utilized": 14
      }
    }
  },
  "RW_BFS": {
    "metrics": {
      "total_requests": 20,
      "successful_requests": 20,
      "acceptance_ratio": 1.0,
      "total_revenue": 2398,
      "total_cost": 2520,
      "revenue_cost_ratio": 0.9515873015873015
    },
    "status": "SUCCESS",
    "utilization": {
      "peak_time": 100,
      "peak_active_vnrs": 8,
      "node_utilization": {
        "1": 0.37,
        "2": 0.5866666666666667,
        "3": 0.0,
        "4": 0.3666666666666667,
        "5": 0.26666666666666666,
        "6": 0.3090909090909091,
        "7": 0.9142857142857144,
        "8": 0.515,
        "9": 0.8058823529411765,
        "10": 0.4153846153846154
      },
      "edge_utilization": {
        "1-7": 0.2666666666666667,
        "2-4": 0.2111111111111111,
        "2-7": 0.4666666666666667,
        "4-8": 0.3,
        "5-6": 0.22105263157894736,
        "6-7": 0.056,
        "6-9": 0.3176470588235294,
        "7-8": 0.4896551724137931,
        "7-9": 0.43243243243243246,
        "8-10": 0.38571428571428573,
        "9-10": 0.2
      },
      "summary": {
        "avg_node_utilization": 0.4549643591702416,
        "max_node_utilization": 0.9142857142857144,
        "min_node_utilization": 0.0,
        "std_node_utilization": 0.2520672440225551,
        "avg_edge_utilization": 0.3042678204915848,
        "max_edge_utilization": 0.4896551724137931,
        "num_nodes_over_80pct": 2,
        "num_nodes_over_50pct": 4,
        "num_nodes_unused": 1,
        "num_edges_utilized": 11
      }
    }
  },
  "RW_MaxMatch": {
    "metrics": {
      "total_requests": 20,
      "successful_requests": 20,
      "acceptance_ratio": 1.0,
      "total_revenue": 2398,
      "total_cost": 2669,
      "revenue_cost_ratio": 0.8984638441363807
    },
    "status": "SUCCESS",
    "utilization": {
      "peak_time": 100,
      "peak_active_vnrs": 8,
      "node_utilization": {
        "1": 0.38,
        "2": 0.64,
        "3": 0.0,
        "4": 0.14166666666666666,
        "5": 0.26666666666666666,
        "6": 0.4818181818181818,
        "7": 0.9428571428571428,
        "8": 0.685,
        "9": 0.6823529411764706,
        "10": 0.27692307692307694
      },
      "edge_utilization": {
        "1-2": 0.32,
        "2-4": 0.3111111111111111,
        "2-7": 0.4222222222222222,
        "4-8": 0.11818181818181818,
        "5-7": 0.2,
        "6-7": 0.32,
        "7-8": 0.6758620689655173,
        "7-9": 0.6972972972972974,
        "8-10": 0.2857142857142857,
        "9-10": 0.12000000000000001
      },
      "summary": {
        "avg_node_utilization": 0.4497284676108205,
        "max_node_utilization": 0.9428571428571428,
        "min_node_utilization": 0.0,
        "std_node_utilization": 0.27482155825040805,
        "avg_edge_utilization": 0.3470388803492252,
        "max_edge_utilization": 0.6972972972972974,
        "num_nodes_over_80pct": 1,
        "num_nodes_over_50pct": 4,
        "num_nodes_unused": 1,
        "num_edges_utilized": 10
      }
    }
  },
  "Yu2008": {
    "metrics": {
      "total_requests": 20,
      "successful_requests": 20,
      "acceptance_ratio": 1.0,
      "total_revenue": 2398,
      "total_cost": 3019,
      "revenue_cost_ratio": 0.7943027492547201
    },
    "status": "SUCCESS",
    "utilization": {
      "peak_time": 100,
      "peak_active_vnrs": 9,
      "node_utilization": {
        "1": 0.4,
        "2": 0.5733333333333334,
        "3": 0.0,
        "4": 0.3,
        "5": 0.4666666666666667,
        "6": 0.34545454545454546,
        "7": 0.8928571428571428,
        "8": 0.8049999999999999,
        "9": 0.7588235294117648,
        "10": 0.6538461538461539
      },
      "edge_utilization": {
        "1-7": 0.18333333333333335,
        "2-4": 0.7666666666666667,
        "2-7": 0.6518518518518519,
        "4-8": 0.33636363636363636,
        "5-6": 0.22105263157894736,
        "5-7": 0.36190476190476195,
        "6-7": 0.37599999999999995,
        "6-9": 0.3411764705882353,
        "7-8": 0.9793103448275863,
        "7-9": 0.6918918918918919,
        "8-10": 0.9428571428571428,
        "9-10": 0.46
      },
      "summary": {
        "avg_node_utilization": 0.5195981371569608,
        "max_node_utilization": 0.8928571428571428,
        "min_node_utilization": 0.0,
        "std_node_utilization": 0.25778912113074404,
        "avg_edge_utilization": 0.5260340609886712,
        "max_edge_utilization": 0.9793103448275863,
        "num_nodes_over_80pct": 2,
        "num_nodes_over_50pct": 5,
        "num_nodes_unused": 1,
        "num_edges_utilized": 12
      }
    }
  }
}