{
  "Simple_Greedy": {
    "metrics": {
      "total_requests": 20,
      "successful_requests": 19,
      "acceptance_ratio": 0.95,
      "total_revenue": 2286,
      "total_cost": 2845,
      "revenue_cost_ratio": 0.8035149384885765
    },
    "status": "SUCCESS",
    "utilization": {
      "peak_time": 60,
      "peak_active_vnrs": 7,
      "node_utilization": {
        "1": 0.44,
        "2": 0.4866666666666667,
        "3": 0.1875,
        "4": 0.4833333333333334,
        "5": 0.26666666666666666,
        "6": 0.34545454545454546,
        "7": 0.34285714285714286,
        "8": 0.36500000000000005,
        "9": 0.5588235294117647,
        "10": 0.44615384615384623
      },
      "edge_utilization": {
        "2-1": 0.17,
        "1-3": 0.2125,
        "1-7": 0.19166666666666665,
        "7-1": 0.175,
        "2-4": 0.1,
        "4-2": 0.6222222222222222,
        "2-7": 0.2962962962962963,
        "7-2": 0.16296296296296298,
        "4-8": 0.24545454545454543,
        "8-4": 0.16363636363636364,
        "5-6": 0.10526315789473684,
        "7-5": 0.11428571428571428,
        "6-7": 0.088,
        "7-6": 0.128,
        "6-9": 0.11764705882352941,
        "8-7": 0.5241379310344828,
        "7-9": 0.32972972972972975,
        "9-7": 0.14594594594594595,
        "8-10": 0.4571428571428572,
        "10-8": 0.17142857142857143,
        "9-10": 0.04,
        "10-9": 0.03
      },
      "summary": {
        "avg_node_utilization": 0.3922455730543966,
        "max_node_utilization": 0.5588235294117647,
        "min_node_utilization": 0.1875,
        "std_node_utilization": 0.10639965963498575,
        "avg_edge_utilization": 0.2086963647056648,
        "max_edge_utilization": 0.6222222222222222,
        "num_nodes_over_80pct": 0,
        "num_nodes_over_50pct": 1,
        "num_nodes_unused": 0,
        "num_edges_utilized": 22
      }
    }
  },
  "RW_BFS": {
    "metrics": {
      "total_requests": 20,
      "successful_requests": 20,
      "acceptance_ratio": 1.0,
      "total_revenue": 2398,
      "total_cost": 2520,
      "revenue_cost_ratio": 0.9515873015873015
    },
    "status": "SUCCESS",
    "utilization": {
      "peak_time": 100,
      "peak_active_vnrs": 8,
      "node_utilization": {
        "1": 0.37,
        "2": 0.5866666666666667,
        "3": 0.0,
        "4": 0.3666666666666667,
        "5": 0.26666666666666666,
        "6": 0.3090909090909091,
        "7": 0.9142857142857144,
        "8": 0.515,
        "9": 0.8058823529411765,
        "10": 0.4153846153846154
      },
      "edge_utilization": {
        "1-7": 0.20833333333333334,
        "7-1": 0.058333333333333334,
        "2-4": 0.1111111111111111,
        "4-2": 0.1,
        "2-7": 0.4148148148148148,
        "7-2": 0.05185185185185185,
        "4-8": 0.3,
        "5-6": 0.22105263157894736,
        "6-7": 0.056,
        "6-9": 0.11764705882352941,
        "9-6": 0.2,
        "7-8": 0.07586206896551724,
        "8-7": 0.41379310344827586,
        "7-9": 0.11891891891891893,
        "9-7": 0.31351351351351353,
        "10-8": 0.38571428571428573,
        "9-10": 0.09,
        "10-9": 0.11
      },
      "summary": {
        "avg_node_utilization": 0.4549643591702416,
        "max_node_utilization": 0.9142857142857144,
        "min_node_utilization": 0.0,
        "std_node_utilization": 0.2520672440225551,
        "avg_edge_utilization": 0.18594144585596845,
        "max_edge_utilization": 0.4148148148148148,
        "num_nodes_over_80pct": 2,
        "num_nodes_over_50pct": 4,
        "num_nodes_unused": 1,
        "num_edges_utilized": 18
      }
    }
  },
  "RW_MaxMatch": {
    "metrics": {
      "total_requests": 20,
      "successful_requests": 20,
      "acceptance_ratio": 1.0,
      "total_revenue": 2398,
      "total_cost": 2669,
      "revenue_cost_ratio": 0.8984638441363807
    },
    "status": "SUCCESS",
    "utilization": {
      "peak_time": 100,
      "peak_active_vnrs": 8,
      "node_utilization": {
        "1": 0.38,
        "2": 0.64,
        "3": 0.0,
        "4": 0.14166666666666666,
        "5": 0.26666666666666666,
        "6": 0.4818181818181818,
        "7": 0.9428571428571428,
        "8": 0.685,
        "9": 0.6823529411764706,
        "10": 0.27692307692307694
      },
      "edge_utilization": {
        "1-2": 0.22,
        "2-1": 0.1,
        "2-4": 0.16666666666666666,
        "4-2": 0.14444444444444443,
        "2-7": 0.18518518518518517,
        "7-2": 0.23703703703703702,
        "8-4": 0.11818181818181818,
        "7-5": 0.2,
        "6-7": 0.16799999999999998,
        "7-6": 0.152,
        "7-8": 0.4413793103448276,
        "8-7": 0.23448275862068962,
        "7-9": 0.22162162162162163,
        "9-7": 0.4756756756756757,
        "8-10": 0.11428571428571428,
        "10-8": 0.17142857142857143,
        "9-10": 0.07,
        "10-9": 0.05
      },
      "summary": {
        "avg_node_utilization": 0.4497284676108205,
        "max_node_utilization": 0.9428571428571428,
        "min_node_utilization": 0.0,
        "std_node_utilization": 0.27482155825040805,
        "avg_edge_utilization": 0.19279937797179175,
        "max_edge_utilization": 0.4756756756756757,
        "num_nodes_over_80pct": 1,
        "num_nodes_over_50pct": 4,
        "num_nodes_unused": 1,
        "num_edges_utilized": 18
      }
    }
  },
  "Yu2008": {
    "metrics": {
      "total_requests": 20,
      "successful_requests": 20,
      "acceptance_ratio": 1.0,
      "total_revenue": 2398,
      "total_cost": 3019,
      "revenue_cost_ratio": 0.7943027492547201
    },
    "status": "SUCCESS",
    "utilization": {
      "peak_time": 100,
      "peak_active_vnrs": 9,
      "node_utilization": {
        "1": 0.4,
        "2": 0.5733333333333334,
        "3": 0.0,
        "4": 0.3,
        "5": 0.4666666666666667,
        "6": 0.34545454545454546,
        "7": 0.8928571428571428,
        "8": 0.8049999999999999,
        "9": 0.7588235294117648,
        "10": 0.6538461538461539
      },
      "edge_utilization": {
        "7-1": 0.18333333333333335,
        "2-4": 0.4444444444444445,
        "4-2": 0.3222222222222222,
        "2-7": 0.2074074074074074,
        "7-2": 0.4444444444444444,
        "4-8": 0.07272727272727272,
        "8-4": 0.2636363636363636,
        "5-6": 0.22105263157894736,
        "7-5": 0.36190476190476195,
        "7-6": 0.37599999999999995,
        "6-9": 0.24705882352941178,
        "9-6": 0.09411764705882353,
        "7-8": 0.10344827586206896,
        "8-7": 0.8758620689655173,
        "7-9": 0.3783783783783784,
        "9-7": 0.31351351351351353,
        "8-10": 0.22857142857142856,
        "10-8": 0.7142857142857142,
        "9-10": 0.31,
        "10-9": 0.15000000000000002
      },
      "summary": {
        "avg_node_utilization": 0.5195981371569608,
        "max_node_utilization": 0.8928571428571428,
        "min_node_utilization": 0.0,
        "std_node_utilization": 0.25778912113074404,
        "avg_edge_utilization": 0.31562043659320266,
        "max_edge_utilization": 0.8758620689655173,
        "num_nodes_over_80pct": 2,
        "num_nodes_over_50pct": 5,
        "num_nodes_unused": 1,
        "num_edges_utilized": 20
      }
    }
  }
}