{
  "Simple_Greedy": {
    "metrics": {
      "total_requests": 20,
      "successful_requests": 15,
      "acceptance_ratio": 0.75,
      "blocking_probability": 0.25,
      "total_revenue": 1767,
      "total_cost": 2072,
      "revenue_cost_ratio": 0.853
    },
    "status": "SUCCESS",
    "utilization": {
      "peak_time": 35,
      "peak_active_vnrs": 6,
      "node_utilization": {
        "0": 0.8571428571428572,
        "1": 0.8933333333333333,
        "2": 0.949367088607595,
        "3": 0.7647058823529411,
        "4": 0.9552238805970149,
        "5": 0.86,
        "6": 0.7567567567567567,
        "7": 0.6333333333333333
      },
      "edge_utilization": {
        "0-1": 0.25274725274725274,
        "1-0": 0.49450549450549447,
        "1-2": 0.43859649122807015,
        "2-1": 0.21052631578947367,
        "1-5": 0.14754098360655737,
        "5-1": 0.7377049180327868,
        "7-1": 0.22,
        "2-3": 0.22727272727272727,
        "3-2": 0.4090909090909091,
        "2-6": 0.16,
        "6-2": 0.16,
        "3-4": 0.33333333333333337,
        "3-7": 0.26666666666666666,
        "4-5": 0.1935483870967742,
        "5-6": 0.19565217391304346,
        "6-7": 0.1076923076923077
      },
      "summary": {
        "avg_node_utilization": 0.8337328915154789,
        "max_node_utilization": 0.9552238805970149,
        "min_node_utilization": 0.6333333333333333,
        "std_node_utilization": 0.10233008132067126,
        "avg_edge_utilization": 0.2846798725609623,
        "max_edge_utilization": 0.7377049180327868,
        "num_nodes_over_80pct": 5,
        "num_nodes_over_50pct": 8,
        "num_nodes_unused": 0,
        "num_edges_utilized": 16
      }
    }
  },
  "RW_BFS": {
    "metrics": {
      "total_requests": 20,
      "successful_requests": 17,
      "acceptance_ratio": 0.85,
      "blocking_probability": 0.15,
      "total_revenue": 2008,
      "total_cost": 2093,
      "revenue_cost_ratio": 0.959
    },
    "status": "SUCCESS",
    "utilization": {
      "peak_time": 35,
      "peak_active_vnrs": 6,
      "node_utilization": {
        "0": 0.3333333333333333,
        "1": 0.8666666666666667,
        "2": 0.9620253164556962,
        "3": 0.9411764705882353,
        "4": 0.6716417910447761,
        "5": 0.9,
        "6": 1.0,
        "7": 0.9
      },
      "edge_utilization": {
        "1-0": 0.08791208791208792,
        "0-2": 0.16666666666666666,
        "1-2": 0.17543859649122806,
        "5-1": 0.6721311475409836,
        "1-7": 0.18,
        "7-1": 0.22,
        "2-3": 0.125,
        "3-2": 0.13636363636363635,
        "6-2": 0.13333333333333333,
        "2-7": 0.11864406779661017,
        "3-6": 0.38372093023255816,
        "6-3": 0.1511627906976744,
        "7-3": 0.26666666666666666,
        "4-5": 0.20967741935483872,
        "4-7": 0.27450980392156865,
        "5-6": 0.21739130434782608
      },
      "summary": {
        "avg_node_utilization": 0.8218554472610884,
        "max_node_utilization": 1.0,
        "min_node_utilization": 0.3333333333333333,
        "std_node_utilization": 0.20647632020672396,
        "avg_edge_utilization": 0.21991365320785491,
        "max_edge_utilization": 0.6721311475409836,
        "num_nodes_over_80pct": 6,
        "num_nodes_over_50pct": 7,
        "num_nodes_unused": 0,
        "num_edges_utilized": 16
      }
    }
  },
  "RW_MaxMatch": {
    "metrics": {
      "total_requests": 20,
      "successful_requests": 17,
      "acceptance_ratio": 0.85,
      "blocking_probability": 0.15,
      "total_revenue": 2008,
      "total_cost": 2174,
      "revenue_cost_ratio": 0.924
    },
    "status": "SUCCESS",
    "utilization": {
      "peak_time": 35,
      "peak_active_vnrs": 6,
      "node_utilization": {
        "0": 0.38095238095238093,
        "1": 0.9866666666666667,
        "2": 0.9873417721518987,
        "3": 1.0,
        "4": 0.8059701492537313,
        "5": 0.69,
        "6": 0.8378378378378379,
        "7": 0.9833333333333333
      },
      "edge_utilization": {
        "1-0": 0.13186813186813187,
        "0-2": 0.1111111111111111,
        "1-2": 0.2631578947368421,
        "2-1": 0.45614035087719296,
        "5-1": 0.19672131147540983,
        "1-7": 0.33999999999999997,
        "7-1": 0.24,
        "2-3": 0.2840909090909091,
        "3-2": 0.40909090909090906,
        "2-6": 0.33333333333333337,
        "6-2": 0.30666666666666664,
        "3-4": 0.20202020202020202,
        "6-3": 0.09302325581395349,
        "3-7": 0.26666666666666666,
        "4-5": 0.5,
        "7-4": 0.411764705882353,
        "5-6": 0.09782608695652174
      },
      "summary": {
        "avg_node_utilization": 0.8340127675244811,
        "max_node_utilization": 1.0,
        "min_node_utilization": 0.38095238095238093,
        "std_node_utilization": 0.2010801457115443,
        "avg_edge_utilization": 0.27314597268177665,
        "max_edge_utilization": 0.5,
        "num_nodes_over_80pct": 6,
        "num_nodes_over_50pct": 7,
        "num_nodes_unused": 0,
        "num_edges_utilized": 17
      }
    }
  },
  "Yu2008": {
    "metrics": {
      "total_requests": 20,
      "successful_requests": 18,
      "acceptance_ratio": 0.9,
      "blocking_probability": 0.1,
      "total_revenue": 2224,
      "total_cost": 2501,
      "revenue_cost_ratio": 0.889
    },
    "status": "SUCCESS",
    "utilization": {
      "peak_time": 50,
      "peak_active_vnrs": 7,
      "node_utilization": {
        "0": 0.9047619047619048,
        "1": 0.7466666666666666,
        "2": 0.9746835443037976,
        "3": 0.9176470588235295,
        "4": 0.8955223880597014,
        "5": 0.89,
        "6": 1.0,
        "7": 0.7833333333333333
      },
      "edge_utilization": {
        "0-1": 0.5164835164835165,
        "0-2": 0.4666666666666667,
        "2-1": 0.42105263157894735,
        "1-5": 0.721311475409836,
        "5-1": 0.21311475409836064,
        "1-7": 0.56,
        "7-1": 0.24,
        "2-3": 0.07954545454545454,
        "2-6": 0.18666666666666668,
        "2-7": 0.423728813559322,
        "3-4": 0.10101010101010101,
        "4-3": 0.20202020202020202,
        "3-6": 0.12790697674418605,
        "3-7": 0.13333333333333333,
        "4-5": 0.24193548387096775,
        "5-4": 0.14516129032258066,
        "4-6": 0.06666666666666667,
        "6-4": 0.4166666666666667,
        "5-6": 0.06521739130434782,
        "6-5": 0.09782608695652174
      },
      "summary": {
        "avg_node_utilization": 0.8890768619936167,
        "max_node_utilization": 1.0,
        "min_node_utilization": 0.7466666666666666,
        "std_node_utilization": 0.08077706813471107,
        "avg_edge_utilization": 0.2713157088952172,
        "max_edge_utilization": 0.721311475409836,
        "num_nodes_over_80pct": 6,
        "num_nodes_over_50pct": 8,
        "num_nodes_unused": 0,
        "num_edges_utilized": 20
      }
    }
  }
}