{
  "Simple_Greedy": {
    "metrics": {
      "total_requests": 20,
      "successful_requests": 15,
      "acceptance_ratio": 0.75,
      "blocking_probability": 0.25,
      "total_revenue": 1752,
      "total_cost": 2023,
      "revenue_cost_ratio": 0.866
    },
    "status": "SUCCESS",
    "utilization": {
      "peak_time": 35,
      "peak_active_vnrs": 6,
      "node_utilization": {
        "0": 0.8571428571428572,
        "1": 0.8933333333333333,
        "2": 0.949367088607595,
        "3": 0.7647058823529411,
        "4": 0.9552238805970149,
        "5": 0.86,
        "6": 0.7567567567567567,
        "7": 0.6333333333333333
      },
      "edge_utilization": {
        "0-1": 0.7472527472527473,
        "1-2": 0.6491228070175439,
        "1-5": 0.8852459016393441,
        "1-7": 0.22,
        "2-3": 0.6363636363636364,
        "2-6": 0.32,
        "3-4": 0.33333333333333337,
        "3-7": 0.26666666666666666,
        "4-5": 0.1935483870967742,
        "5-6": 0.19565217391304346,
        "6-7": 0.1076923076923077
      },
      "summary": {
        "avg_node_utilization": 0.8337328915154789,
        "max_node_utilization": 0.9552238805970149,
        "min_node_utilization": 0.6333333333333333,
        "std_node_utilization": 0.10233008132067126,
        "avg_edge_utilization": 0.41407981463412696,
        "max_edge_utilization": 0.8852459016393441,
        "num_nodes_over_80pct": 5,
        "num_nodes_over_50pct": 8,
        "num_nodes_unused": 0,
        "num_edges_utilized": 11
      }
    }
  },
  "RW_BFS": {
    "metrics": {
      "total_requests": 20,
      "successful_requests": 17,
      "acceptance_ratio": 0.85,
      "blocking_probability": 0.15,
      "total_revenue": 2008,
      "total_cost": 2093,
      "revenue_cost_ratio": 0.959
    },
    "status": "SUCCESS",
    "utilization": {
      "peak_time": 35,
      "peak_active_vnrs": 6,
      "node_utilization": {
        "0": 0.3333333333333333,
        "1": 0.8666666666666667,
        "2": 0.9620253164556962,
        "3": 0.9411764705882353,
        "4": 0.6716417910447761,
        "5": 0.9,
        "6": 1.0,
        "7": 0.9
      },
      "edge_utilization": {
        "0-1": 0.08791208791208792,
        "0-2": 0.16666666666666666,
        "1-2": 0.17543859649122806,
        "1-5": 0.6721311475409836,
        "1-7": 0.4,
        "2-3": 0.26136363636363635,
        "2-6": 0.13333333333333333,
        "2-7": 0.11864406779661017,
        "3-6": 0.5348837209302326,
        "3-7": 0.26666666666666666,
        "4-5": 0.20967741935483872,
        "4-7": 0.27450980392156865,
        "5-6": 0.21739130434782608
      },
      "summary": {
        "avg_node_utilization": 0.8218554472610884,
        "max_node_utilization": 1.0,
        "min_node_utilization": 0.3333333333333333,
        "std_node_utilization": 0.20647632020672396,
        "avg_edge_utilization": 0.27066295779428295,
        "max_edge_utilization": 0.6721311475409836,
        "num_nodes_over_80pct": 6,
        "num_nodes_over_50pct": 7,
        "num_nodes_unused": 0,
        "num_edges_utilized": 13
      }
    }
  },
  "RW_MaxMatch": {
    "metrics": {
      "total_requests": 20,
      "successful_requests": 17,
      "acceptance_ratio": 0.85,
      "blocking_probability": 0.15,
      "total_revenue": 2008,
      "total_cost": 2174,
      "revenue_cost_ratio": 0.924
    },
    "status": "SUCCESS",
    "utilization": {
      "peak_time": 35,
      "peak_active_vnrs": 6,
      "node_utilization": {
        "0": 0.38095238095238093,
        "1": 0.9866666666666667,
        "2": 0.9873417721518987,
        "3": 1.0,
        "4": 0.8059701492537313,
        "5": 0.69,
        "6": 0.8378378378378379,
        "7": 0.9833333333333333
      },
      "edge_utilization": {
        "0-1": 0.13186813186813187,
        "0-2": 0.1111111111111111,
        "1-2": 0.7192982456140351,
        "1-5": 0.19672131147540983,
        "1-7": 0.58,
        "2-3": 0.6931818181818181,
        "2-6": 0.6399999999999999,
        "3-4": 0.20202020202020202,
        "3-6": 0.09302325581395349,
        "3-7": 0.26666666666666666,
        "4-5": 0.5,
        "4-7": 0.411764705882353,
        "5-6": 0.09782608695652174
      },
      "summary": {
        "avg_node_utilization": 0.8340127675244811,
        "max_node_utilization": 1.0,
        "min_node_utilization": 0.38095238095238093,
        "std_node_utilization": 0.2010801457115443,
        "avg_edge_utilization": 0.3571908873530925,
        "max_edge_utilization": 0.7192982456140351,
        "num_nodes_over_80pct": 6,
        "num_nodes_over_50pct": 7,
        "num_nodes_unused": 0,
        "num_edges_utilized": 13
      }
    }
  },
  "Yu2008": {
    "metrics": {
      "total_requests": 20,
      "successful_requests": 18,
      "acceptance_ratio": 0.9,
      "blocking_probability": 0.1,
      "total_revenue": 2224,
      "total_cost": 2501,
      "revenue_cost_ratio": 0.889
    },
    "status": "SUCCESS",
    "utilization": {
      "peak_time": 50,
      "peak_active_vnrs": 7,
      "node_utilization": {
        "0": 0.9047619047619048,
        "1": 0.7466666666666666,
        "2": 0.9746835443037976,
        "3": 0.9176470588235295,
        "4": 0.8955223880597014,
        "5": 0.89,
        "6": 1.0,
        "7": 0.7833333333333333
      },
      "edge_utilization": {
        "0-1": 0.5164835164835165,
        "0-2": 0.4666666666666667,
        "1-2": 0.42105263157894735,
        "1-5": 0.9344262295081966,
        "1-7": 0.8,
        "2-3": 0.07954545454545454,
        "2-6": 0.18666666666666668,
        "2-7": 0.423728813559322,
        "3-4": 0.30303030303030304,
        "3-6": 0.12790697674418605,
        "3-7": 0.13333333333333333,
        "4-5": 0.3870967741935484,
        "4-6": 0.48333333333333334,
        "5-6": 0.16304347826086957
      },
      "summary": {
        "avg_node_utilization": 0.8890768619936167,
        "max_node_utilization": 1.0,
        "min_node_utilization": 0.7466666666666666,
        "std_node_utilization": 0.08077706813471107,
        "avg_edge_utilization": 0.3875938698503103,
        "max_edge_utilization": 0.9344262295081966,
        "num_nodes_over_80pct": 6,
        "num_nodes_over_50pct": 8,
        "num_nodes_unused": 0,
        "num_edges_utilized": 14
      }
    }
  }
}