{
  "Simple_Greedy": {
    "metrics": {
      "total_requests": 20,
      "successful_requests": 14,
      "acceptance_ratio": 0.7,
      "total_revenue": 1649,
      "total_cost": 2175,
      "revenue_cost_ratio": 0.7581609195402299
    },
    "status": "SUCCESS",
    "utilization": {
      "peak_time": 30,
      "peak_active_vnrs": 5,
      "node_utilization": {
        "0": 0.36,
        "1": 0.8404255319148937,
        "2": 0.5263157894736842,
        "3": 0.7999999999999999,
        "4": 0.4838709677419355,
        "5": 0.9277108433734941,
        "6": 0.6666666666666666,
        "7": 0.9166666666666667
      },
      "edge_utilization": {
        "0-1": 0.11363636363636363,
        "1-0": 0.3863636363636364,
        "2-0": 0.38095238095238093,
        "0-3": 0.6538461538461539,
        "3-0": 0.23076923076923078,
        "0-4": 0.45945945945945943,
        "4-0": 0.24324324324324326,
        "0-5": 0.21875,
        "5-0": 0.22916666666666666,
        "3-1": 0.4107142857142857,
        "2-4": 0.21333333333333335,
        "6-3": 0.11578947368421053,
        "4-6": 0.3898305084745763,
        "4-7": 0.43820224719101125,
        "7-4": 0.20224719101123595,
        "7-5": 0.21739130434782608
      },
      "summary": {
        "avg_node_utilization": 0.6902070582296675,
        "max_node_utilization": 0.9277108433734941,
        "min_node_utilization": 0.36,
        "std_node_utilization": 0.20041764632319195,
        "avg_edge_utilization": 0.30648096741835085,
        "max_edge_utilization": 0.6538461538461539,
        "num_nodes_over_80pct": 3,
        "num_nodes_over_50pct": 6,
        "num_nodes_unused": 0,
        "num_edges_utilized": 16
      }
    }
  },
  "RW_BFS": {
    "metrics": {
      "total_requests": 20,
      "successful_requests": 17,
      "acceptance_ratio": 0.85,
      "total_revenue": 2008,
      "total_cost": 2283,
      "revenue_cost_ratio": 0.879544459045116
    },
    "status": "SUCCESS",
    "utilization": {
      "peak_time": 35,
      "peak_active_vnrs": 6,
      "node_utilization": {
        "0": 0.78,
        "1": 0.9574468085106383,
        "2": 1.0,
        "3": 0.9125000000000001,
        "4": 0.7580645161290323,
        "5": 1.0,
        "6": 0.6666666666666666,
        "7": 0.8125
      },
      "edge_utilization": {
        "0-1": 0.14772727272727273,
        "1-0": 0.3181818181818182,
        "0-2": 0.12698412698412698,
        "2-0": 0.23809523809523808,
        "0-3": 0.25,
        "3-0": 0.19230769230769232,
        "4-0": 0.45945945945945943,
        "0-5": 0.3125,
        "1-3": 0.5714285714285714,
        "2-4": 0.21333333333333332,
        "5-2": 0.12903225806451613,
        "6-3": 0.28421052631578947,
        "4-6": 0.11864406779661017,
        "7-4": 0.24719101123595505,
        "7-5": 0.40217391304347827
      },
      "summary": {
        "avg_node_utilization": 0.8608972489132922,
        "max_node_utilization": 1.0,
        "min_node_utilization": 0.6666666666666666,
        "std_node_utilization": 0.11611985225070039,
        "avg_edge_utilization": 0.2674179525982574,
        "max_edge_utilization": 0.5714285714285714,
        "num_nodes_over_80pct": 5,
        "num_nodes_over_50pct": 8,
        "num_nodes_unused": 0,
        "num_edges_utilized": 15
      }
    }
  },
  "RW_MaxMatch": {
    "metrics": {
      "total_requests": 20,
      "successful_requests": 17,
      "acceptance_ratio": 0.85,
      "total_revenue": 1977,
      "total_cost": 2399,
      "revenue_cost_ratio": 0.8240933722384327
    },
    "status": "SUCCESS",
    "utilization": {
      "peak_time": 35,
      "peak_active_vnrs": 6,
      "node_utilization": {
        "0": 1.0,
        "1": 0.8085106382978724,
        "2": 0.9824561403508771,
        "3": 0.8125,
        "4": 1.0,
        "5": 0.963855421686747,
        "6": 0.5438596491228069,
        "7": 0.8854166666666667
      },
      "edge_utilization": {
        "0-1": 0.3068181818181818,
        "0-2": 0.3968253968253968,
        "0-3": 0.17307692307692307,
        "3-0": 0.75,
        "0-4": 0.527027027027027,
        "4-0": 0.6756756756756757,
        "0-5": 0.3541666666666667,
        "5-0": 0.16666666666666669,
        "1-3": 0.19642857142857142,
        "3-1": 0.19642857142857142,
        "2-4": 0.28,
        "4-2": 0.13333333333333333,
        "2-5": 0.26881720430107525,
        "3-6": 0.1368421052631579,
        "4-6": 0.13559322033898305,
        "6-4": 0.2033898305084746,
        "4-7": 0.5842696629213483,
        "7-4": 0.2247191011235955
      },
      "summary": {
        "avg_node_utilization": 0.8745748145156214,
        "max_node_utilization": 1.0,
        "min_node_utilization": 0.5438596491228069,
        "std_node_utilization": 0.14524986486385252,
        "avg_edge_utilization": 0.3172265632446471,
        "max_edge_utilization": 0.75,
        "num_nodes_over_80pct": 7,
        "num_nodes_over_50pct": 8,
        "num_nodes_unused": 0,
        "num_edges_utilized": 18
      }
    }
  },
  "Yu2008": {
    "metrics": {
      "total_requests": 20,
      "successful_requests": 18,
      "acceptance_ratio": 0.9,
      "total_revenue": 2155,
      "total_cost": 2803,
      "revenue_cost_ratio": 0.7688191223688905
    },
    "status": "SUCCESS",
    "utilization": {
      "peak_time": 50,
      "peak_active_vnrs": 6,
      "node_utilization": {
        "0": 0.88,
        "1": 0.8404255319148937,
        "2": 0.9649122807017544,
        "3": 0.7625000000000001,
        "4": 0.7258064516129032,
        "5": 0.9156626506024096,
        "6": 0.6140350877192982,
        "7": 0.625
      },
      "edge_utilization": {
        "0-1": 0.5909090909090909,
        "1-0": 0.40909090909090906,
        "0-2": 0.3968253968253968,
        "2-0": 0.3968253968253968,
        "0-3": 0.6538461538461539,
        "3-0": 0.15384615384615385,
        "0-4": 0.4054054054054055,
        "4-0": 0.5810810810810811,
        "0-5": 0.20833333333333334,
        "5-0": 0.4895833333333333,
        "4-2": 0.16,
        "3-6": 0.16842105263157894,
        "4-6": 0.2711864406779661,
        "4-7": 0.19101123595505617,
        "7-4": 0.6966292134831461
      },
      "summary": {
        "avg_node_utilization": 0.7910427503189075,
        "max_node_utilization": 0.9649122807017544,
        "min_node_utilization": 0.6140350877192982,
        "std_node_utilization": 0.1225179350892521,
        "avg_edge_utilization": 0.3848662798162668,
        "max_edge_utilization": 0.6966292134831461,
        "num_nodes_over_80pct": 4,
        "num_nodes_over_50pct": 8,
        "num_nodes_unused": 0,
        "num_edges_utilized": 15
      }
    }
  }
}