{
  "Simple_Greedy": {
    "metrics": {
      "total_requests": 20,
      "successful_requests": 14,
      "acceptance_ratio": 0.7,
      "total_revenue": 1597,
      "total_cost": 2083,
      "revenue_cost_ratio": 0.7666826692270763
    },
    "status": "SUCCESS",
    "utilization": {
      "peak_time": 30,
      "peak_active_vnrs": 5,
      "node_utilization": {
        "0": 0.36,
        "1": 0.8404255319148937,
        "2": 0.5263157894736842,
        "3": 0.7999999999999999,
        "4": 0.4838709677419355,
        "5": 0.9277108433734941,
        "6": 0.6666666666666666,
        "7": 0.9166666666666667
      },
      "edge_utilization": {
        "0-1": 0.5,
        "0-2": 0.38095238095238093,
        "0-3": 0.8846153846153846,
        "0-4": 0.7027027027027027,
        "0-5": 0.44791666666666663,
        "1-3": 0.4107142857142857,
        "2-4": 0.21333333333333335,
        "3-6": 0.11578947368421053,
        "4-6": 0.3898305084745763,
        "4-7": 0.6404494382022472,
        "5-7": 0.21739130434782608
      },
      "summary": {
        "avg_node_utilization": 0.6902070582296675,
        "max_node_utilization": 0.9277108433734941,
        "min_node_utilization": 0.36,
        "std_node_utilization": 0.20041764632319195,
        "avg_edge_utilization": 0.44579049806305576,
        "max_edge_utilization": 0.8846153846153846,
        "num_nodes_over_80pct": 3,
        "num_nodes_over_50pct": 6,
        "num_nodes_unused": 0,
        "num_edges_utilized": 11
      }
    }
  },
  "RW_BFS": {
    "metrics": {
      "total_requests": 20,
      "successful_requests": 17,
      "acceptance_ratio": 0.85,
      "total_revenue": 2008,
      "total_cost": 2283,
      "revenue_cost_ratio": 0.879544459045116
    },
    "status": "SUCCESS",
    "utilization": {
      "peak_time": 35,
      "peak_active_vnrs": 6,
      "node_utilization": {
        "0": 0.78,
        "1": 0.9574468085106383,
        "2": 1.0,
        "3": 0.9125000000000001,
        "4": 0.7580645161290323,
        "5": 1.0,
        "6": 0.6666666666666666,
        "7": 0.8125
      },
      "edge_utilization": {
        "0-1": 0.46590909090909094,
        "0-2": 0.36507936507936506,
        "0-3": 0.4423076923076923,
        "0-4": 0.45945945945945943,
        "0-5": 0.3125,
        "1-3": 0.5714285714285714,
        "2-4": 0.21333333333333332,
        "2-5": 0.12903225806451613,
        "3-6": 0.28421052631578947,
        "4-6": 0.11864406779661017,
        "4-7": 0.24719101123595505,
        "5-7": 0.40217391304347827
      },
      "summary": {
        "avg_node_utilization": 0.8608972489132922,
        "max_node_utilization": 1.0,
        "min_node_utilization": 0.6666666666666666,
        "std_node_utilization": 0.11611985225070039,
        "avg_edge_utilization": 0.33427244074782186,
        "max_edge_utilization": 0.5714285714285714,
        "num_nodes_over_80pct": 5,
        "num_nodes_over_50pct": 8,
        "num_nodes_unused": 0,
        "num_edges_utilized": 12
      }
    }
  },
  "RW_MaxMatch": {
    "metrics": {
      "total_requests": 20,
      "successful_requests": 16,
      "acceptance_ratio": 0.8,
      "total_revenue": 1821,
      "total_cost": 2165,
      "revenue_cost_ratio": 0.841108545034642
    },
    "status": "SUCCESS",
    "utilization": {
      "peak_time": 50,
      "peak_active_vnrs": 6,
      "node_utilization": {
        "0": 0.84,
        "1": 0.5957446808510638,
        "2": 0.7894736842105262,
        "3": 0.8375,
        "4": 0.7903225806451613,
        "5": 0.8313253012048192,
        "6": 0.8596491228070176,
        "7": 0.78125
      },
      "edge_utilization": {
        "0-1": 0.07954545454545454,
        "0-2": 0.3968253968253968,
        "0-3": 0.8653846153846154,
        "0-4": 0.7297297297297297,
        "0-5": 0.5416666666666666,
        "1-3": 0.5535714285714286,
        "2-4": 0.36,
        "3-6": 0.23157894736842105,
        "4-6": 0.728813559322034,
        "4-7": 0.7415730337078652,
        "5-7": 0.28260869565217395
      },
      "summary": {
        "avg_node_utilization": 0.7906581712148235,
        "max_node_utilization": 0.8596491228070176,
        "min_node_utilization": 0.5957446808510638,
        "std_node_utilization": 0.07836105370088974,
        "avg_edge_utilization": 0.5010270479794351,
        "max_edge_utilization": 0.8653846153846154,
        "num_nodes_over_80pct": 4,
        "num_nodes_over_50pct": 8,
        "num_nodes_unused": 0,
        "num_edges_utilized": 11
      }
    }
  },
  "Yu2008": {
    "metrics": {
      "total_requests": 20,
      "successful_requests": 18,
      "acceptance_ratio": 0.9,
      "total_revenue": 2155,
      "total_cost": 2803,
      "revenue_cost_ratio": 0.7688191223688905
    },
    "status": "SUCCESS",
    "utilization": {
      "peak_time": 50,
      "peak_active_vnrs": 6,
      "node_utilization": {
        "0": 0.88,
        "1": 0.8404255319148937,
        "2": 0.9649122807017544,
        "3": 0.7625000000000001,
        "4": 0.7258064516129032,
        "5": 0.9156626506024096,
        "6": 0.6140350877192982,
        "7": 0.625
      },
      "edge_utilization": {
        "0-1": 1.0,
        "0-2": 0.7936507936507936,
        "0-3": 0.8076923076923077,
        "0-4": 0.9864864864864866,
        "0-5": 0.6979166666666666,
        "2-4": 0.16,
        "3-6": 0.16842105263157894,
        "4-6": 0.2711864406779661,
        "4-7": 0.8876404494382023
      },
      "summary": {
        "avg_node_utilization": 0.7910427503189075,
        "max_node_utilization": 0.9649122807017544,
        "min_node_utilization": 0.6140350877192982,
        "std_node_utilization": 0.1225179350892521,
        "avg_edge_utilization": 0.6414437996937781,
        "max_edge_utilization": 1.0,
        "num_nodes_over_80pct": 4,
        "num_nodes_over_50pct": 8,
        "num_nodes_unused": 0,
        "num_edges_utilized": 9
      }
    }
  }
}