{
  "Simple_Greedy": {
    "metrics": {
      "total_requests": 15,
      "successful_requests": 15,
      "acceptance_ratio": 1.0,
      "total_revenue": 949,
      "total_cost": 1137,
      "revenue_cost_ratio": 0.8346525945470537
    },
    "status": "SUCCESS",
    "utilization": {
      "peak_time": 16,
      "peak_active_vnrs": 8,
      "node_utilization": {
        "1": 0.42000000000000004,
        "2": 0.5599999999999999,
        "3": 0.225,
        "4": 0.4666666666666667,
        "5": 0.3,
        "6": 0.5272727272727272,
        "7": 0.5928571428571429
      },
      "edge_utilization": {
        "1-2": 0.43,
        "1-3": 0.175,
        "1-6": 0.14736842105263157,
        "2-4": 0.9333333333333332,
        "2-5": 0.05555555555555555,
        "2-6": 0.2740740740740741,
        "3-4": 0.08,
        "4-5": 0.11818181818181818,
        "4-7": 0.5439999999999999,
        "5-7": 0.09523809523809523
      },
      "summary": {
        "avg_node_utilization": 0.44168521954236245,
        "max_node_utilization": 0.5928571428571429,
        "min_node_utilization": 0.225,
        "std_node_utilization": 0.12665931041568512,
        "avg_edge_utilization": 0.2852751297435508,
        "max_edge_utilization": 0.9333333333333332,
        "num_nodes_over_80pct": 0,
        "num_nodes_over_50pct": 3,
        "num_nodes_unused": 0,
        "num_edges_utilized": 10
      }
    }
  },
  "RW_BFS": {
    "metrics": {
      "total_requests": 15,
      "successful_requests": 15,
      "acceptance_ratio": 1.0,
      "total_revenue": 949,
      "total_cost": 970,
      "revenue_cost_ratio": 0.9783505154639175
    },
    "status": "SUCCESS",
    "utilization": {
      "peak_time": 16,
      "peak_active_vnrs": 8,
      "node_utilization": {
        "1": 0.5700000000000001,
        "2": 0.8333333333333335,
        "3": 0.1875,
        "4": 0.8333333333333334,
        "5": 0.43333333333333335,
        "6": 0.12727272727272726,
        "7": 0.12857142857142856
      },
      "edge_utilization": {
        "1-2": 0.58,
        "2-4": 0.7166666666666666,
        "2-5": 0.3888888888888889,
        "2-6": 0.08148148148148149,
        "2-3": 0.08235294117647059,
        "3-4": 0.07,
        "4-7": 0.08,
        "5-7": 0.09523809523809523
      },
      "summary": {
        "avg_node_utilization": 0.4447634508348794,
        "max_node_utilization": 0.8333333333333335,
        "min_node_utilization": 0.12727272727272726,
        "std_node_utilization": 0.28902550199621574,
        "avg_edge_utilization": 0.26182850918145034,
        "max_edge_utilization": 0.7166666666666666,
        "num_nodes_over_80pct": 2,
        "num_nodes_over_50pct": 3,
        "num_nodes_unused": 0,
        "num_edges_utilized": 8
      }
    }
  },
  "RW_MaxMatch": {
    "metrics": {
      "total_requests": 15,
      "successful_requests": 15,
      "acceptance_ratio": 1.0,
      "total_revenue": 949,
      "total_cost": 1027,
      "revenue_cost_ratio": 0.9240506329113924
    },
    "status": "SUCCESS",
    "utilization": {
      "peak_time": 16,
      "peak_active_vnrs": 8,
      "node_utilization": {
        "1": 0.5900000000000001,
        "2": 0.8333333333333335,
        "3": 0.1625,
        "4": 0.8583333333333334,
        "5": 0.43333333333333335,
        "6": 0.12727272727272726,
        "7": 0.10714285714285714
      },
      "edge_utilization": {
        "1-2": 0.5,
        "2-4": 0.7,
        "2-5": 0.3888888888888889,
        "2-6": 0.08148148148148149,
        "2-3": 0.15294117647058825,
        "3-4": 0.09,
        "4-5": 0.09090909090909091,
        "4-7": 0.184
      },
      "summary": {
        "avg_node_utilization": 0.44455936920222644,
        "max_node_utilization": 0.8583333333333334,
        "min_node_utilization": 0.10714285714285714,
        "std_node_utilization": 0.30183043798490955,
        "avg_edge_utilization": 0.2735275797187562,
        "max_edge_utilization": 0.7,
        "num_nodes_over_80pct": 2,
        "num_nodes_over_50pct": 3,
        "num_nodes_unused": 0,
        "num_edges_utilized": 8
      }
    }
  },
  "Yu2008": {
    "metrics": {
      "total_requests": 15,
      "successful_requests": 15,
      "acceptance_ratio": 1.0,
      "total_revenue": 949,
      "total_cost": 1053,
      "revenue_cost_ratio": 0.9012345679012346
    },
    "status": "SUCCESS",
    "utilization": {
      "peak_time": 25,
      "peak_active_vnrs": 13,
      "node_utilization": {
        "1": 0.62,
        "2": 0.88,
        "3": 0.4625,
        "4": 0.875,
        "5": 0.7333333333333333,
        "6": 0.6181818181818182,
        "7": 0.7071428571428571
      },
      "edge_utilization": {
        "1-2": 0.51,
        "1-6": 0.17894736842105263,
        "2-4": 0.6166666666666666,
        "2-5": 0.7,
        "2-6": 0.2740740740740741,
        "2-3": 0.10588235294117647,
        "3-4": 0.28,
        "4-5": 0.19090909090909092,
        "4-7": 0.472,
        "5-7": 0.45714285714285713
      },
      "summary": {
        "avg_node_utilization": 0.6994511440940013,
        "max_node_utilization": 0.88,
        "min_node_utilization": 0.4625,
        "std_node_utilization": 0.13819524888239443,
        "avg_edge_utilization": 0.37856224101549174,
        "max_edge_utilization": 0.7,
        "num_nodes_over_80pct": 2,
        "num_nodes_over_50pct": 6,
        "num_nodes_unused": 0,
        "num_edges_utilized": 10
      }
    }
  }
}