{
  "Simple_Greedy": {
    "metrics": {
      "total_requests": 15,
      "successful_requests": 15,
      "acceptance_ratio": 1.0,
      "total_revenue": 949,
      "total_cost": 1137,
      "revenue_cost_ratio": 0.8346525945470537
    },
    "status": "SUCCESS",
    "utilization": {
      "peak_time": 16,
      "peak_active_vnrs": 8,
      "node_utilization": {
        "1": 0.42000000000000004,
        "2": 0.5599999999999999,
        "3": 0.225,
        "4": 0.4666666666666667,
        "5": 0.3,
        "6": 0.5272727272727272,
        "7": 0.5928571428571429
      },
      "edge_utilization": {
        "1-2": 0.11,
        "2-1": 0.32,
        "1-3": 0.175,
        "6-1": 0.14736842105263157,
        "2-4": 0.825,
        "4-2": 0.10833333333333334,
        "2-5": 0.05555555555555555,
        "2-6": 0.16296296296296298,
        "6-2": 0.1111111111111111,
        "4-3": 0.08,
        "4-5": 0.11818181818181818,
        "4-7": 0.41600000000000004,
        "7-4": 0.128,
        "5-7": 0.09523809523809523
      },
      "summary": {
        "avg_node_utilization": 0.44168521954236245,
        "max_node_utilization": 0.5928571428571429,
        "min_node_utilization": 0.225,
        "std_node_utilization": 0.12665931041568512,
        "avg_edge_utilization": 0.20376794981682203,
        "max_edge_utilization": 0.825,
        "num_nodes_over_80pct": 0,
        "num_nodes_over_50pct": 3,
        "num_nodes_unused": 0,
        "num_edges_utilized": 14
      }
    }
  },
  "RW_BFS": {
    "metrics": {
      "total_requests": 15,
      "successful_requests": 15,
      "acceptance_ratio": 1.0,
      "total_revenue": 949,
      "total_cost": 970,
      "revenue_cost_ratio": 0.9783505154639175
    },
    "status": "SUCCESS",
    "utilization": {
      "peak_time": 16,
      "peak_active_vnrs": 8,
      "node_utilization": {
        "1": 0.5700000000000001,
        "2": 0.8333333333333335,
        "3": 0.1875,
        "4": 0.8333333333333334,
        "5": 0.43333333333333335,
        "6": 0.12727272727272726,
        "7": 0.12857142857142856
      },
      "edge_utilization": {
        "1-2": 0.58,
        "2-4": 0.11666666666666667,
        "4-2": 0.6,
        "2-5": 0.07777777777777778,
        "5-2": 0.3111111111111111,
        "6-2": 0.08148148148148149,
        "3-2": 0.08235294117647059,
        "3-4": 0.07,
        "7-4": 0.08,
        "7-5": 0.09523809523809523
      },
      "summary": {
        "avg_node_utilization": 0.4447634508348794,
        "max_node_utilization": 0.8333333333333335,
        "min_node_utilization": 0.12727272727272726,
        "std_node_utilization": 0.28902550199621574,
        "avg_edge_utilization": 0.20946280734516026,
        "max_edge_utilization": 0.6,
        "num_nodes_over_80pct": 2,
        "num_nodes_over_50pct": 3,
        "num_nodes_unused": 0,
        "num_edges_utilized": 10
      }
    }
  },
  "RW_MaxMatch": {
    "metrics": {
      "total_requests": 15,
      "successful_requests": 15,
      "acceptance_ratio": 1.0,
      "total_revenue": 949,
      "total_cost": 1027,
      "revenue_cost_ratio": 0.9240506329113924
    },
    "status": "SUCCESS",
    "utilization": {
      "peak_time": 16,
      "peak_active_vnrs": 8,
      "node_utilization": {
        "1": 0.5900000000000001,
        "2": 0.8333333333333335,
        "3": 0.1625,
        "4": 0.8583333333333334,
        "5": 0.43333333333333335,
        "6": 0.12727272727272726,
        "7": 0.10714285714285714
      },
      "edge_utilization": {
        "1-2": 0.33,
        "2-1": 0.16999999999999998,
        "2-4": 0.5083333333333333,
        "4-2": 0.19166666666666665,
        "2-5": 0.13333333333333333,
        "5-2": 0.25555555555555554,
        "2-6": 0.08148148148148149,
        "3-2": 0.15294117647058825,
        "3-4": 0.09,
        "5-4": 0.09090909090909091,
        "4-7": 0.104,
        "7-4": 0.08
      },
      "summary": {
        "avg_node_utilization": 0.44455936920222644,
        "max_node_utilization": 0.8583333333333334,
        "min_node_utilization": 0.10714285714285714,
        "std_node_utilization": 0.30183043798490955,
        "avg_edge_utilization": 0.18235171981250417,
        "max_edge_utilization": 0.5083333333333333,
        "num_nodes_over_80pct": 2,
        "num_nodes_over_50pct": 3,
        "num_nodes_unused": 0,
        "num_edges_utilized": 12
      }
    }
  },
  "Yu2008": {
    "metrics": {
      "total_requests": 15,
      "successful_requests": 15,
      "acceptance_ratio": 1.0,
      "total_revenue": 949,
      "total_cost": 1053,
      "revenue_cost_ratio": 0.9012345679012346
    },
    "status": "SUCCESS",
    "utilization": {
      "peak_time": 25,
      "peak_active_vnrs": 13,
      "node_utilization": {
        "1": 0.62,
        "2": 0.88,
        "3": 0.4625,
        "4": 0.875,
        "5": 0.7333333333333333,
        "6": 0.6181818181818182,
        "7": 0.7071428571428571
      },
      "edge_utilization": {
        "2-1": 0.51,
        "6-1": 0.17894736842105263,
        "2-4": 0.5499999999999999,
        "4-2": 0.06666666666666667,
        "2-5": 0.5888888888888888,
        "5-2": 0.1111111111111111,
        "2-6": 0.19999999999999998,
        "6-2": 0.07407407407407407,
        "2-3": 0.10588235294117647,
        "3-4": 0.28,
        "4-5": 0.19090909090909092,
        "4-7": 0.472,
        "5-7": 0.26666666666666666,
        "7-5": 0.19047619047619047
      },
      "summary": {
        "avg_node_utilization": 0.6994511440940013,
        "max_node_utilization": 0.88,
        "min_node_utilization": 0.4625,
        "std_node_utilization": 0.13819524888239443,
        "avg_edge_utilization": 0.2704016007253513,
        "max_edge_utilization": 0.5888888888888888,
        "num_nodes_over_80pct": 2,
        "num_nodes_over_50pct": 6,
        "num_nodes_unused": 0,
        "num_edges_utilized": 14
      }
    }
  }
}