{
  "Simple_Greedy": {
    "metrics": {
      "total_requests": 35,
      "successful_requests": 9,
      "acceptance_ratio": 0.2571428571428571,
      "total_revenue": 2618,
      "total_cost": 3054,
      "revenue_cost_ratio": 0.8572364112639161
    },
    "status": "SUCCESS",
    "utilization": {
      "peak_time": 58,
      "peak_active_vnrs": 3,
      "node_utilization": {
        "1": 0.5,
        "2": 0.64,
        "3": 0.25,
        "4": 0.625,
        "5": 0.6111111111111112,
        "6": 0.5636363636363636,
        "7": 0.4714285714285714
      },
      "edge_utilization": {
        "1-2": 0.6799999999999999,
        "1-6": 0.3684210526315789,
        "2-4": 0.775,
        "2-5": 0.5444444444444444,
        "2-6": 0.6074074074074074,
        "3-4": 0.63,
        "4-5": 0.21818181818181817,
        "4-7": 0.952,
        "5-7": 0.17142857142857143
      },
      "summary": {
        "avg_node_utilization": 0.5230251494537209,
        "max_node_utilization": 0.64,
        "min_node_utilization": 0.25,
        "std_node_utilization": 0.12605298759323066,
        "avg_edge_utilization": 0.5496536993437577,
        "max_edge_utilization": 0.952,
        "num_nodes_over_80pct": 0,
        "num_nodes_over_50pct": 4,
        "num_nodes_unused": 0,
        "num_edges_utilized": 9
      }
    }
  },
  "RW_BFS": {
    "metrics": {
      "total_requests": 35,
      "successful_requests": 15,
      "acceptance_ratio": 0.42857142857142855,
      "total_revenue": 4126,
      "total_cost": 4290,
      "revenue_cost_ratio": 0.9617715617715618
    },
    "status": "SUCCESS",
    "utilization": {
      "peak_time": 6,
      "peak_active_vnrs": 4,
      "node_utilization": {
        "1": 0.9,
        "2": 0.8400000000000001,
        "3": 0.7875000000000001,
        "4": 0.8999999999999999,
        "5": 0.8666666666666667,
        "6": 0.7727272727272727,
        "7": 0.5
      },
      "edge_utilization": {
        "1-2": 0.6699999999999999,
        "1-3": 0.425,
        "1-6": 0.17894736842105263,
        "2-4": 0.8833333333333333,
        "2-5": 0.711111111111111,
        "2-6": 0.4,
        "2-3": 0.5294117647058824,
        "4-5": 0.20909090909090908,
        "4-7": 0.42400000000000004
      },
      "summary": {
        "avg_node_utilization": 0.7952705627705628,
        "max_node_utilization": 0.9,
        "min_node_utilization": 0.5,
        "std_node_utilization": 0.12916651659322034,
        "avg_edge_utilization": 0.4923216096291433,
        "max_edge_utilization": 0.8833333333333333,
        "num_nodes_over_80pct": 4,
        "num_nodes_over_50pct": 6,
        "num_nodes_unused": 0,
        "num_edges_utilized": 9
      }
    }
  },
  "RW_MaxMatch": {
    "metrics": {
      "total_requests": 35,
      "successful_requests": 12,
      "acceptance_ratio": 0.34285714285714286,
      "total_revenue": 3300,
      "total_cost": 3742,
      "revenue_cost_ratio": 0.8818813468733298
    },
    "status": "SUCCESS",
    "utilization": {
      "peak_time": 8,
      "peak_active_vnrs": 4,
      "node_utilization": {
        "1": 0.87,
        "2": 0.8866666666666667,
        "3": 0.7125,
        "4": 0.9833333333333334,
        "5": 0.8999999999999999,
        "6": 0.6,
        "7": 0.65
      },
      "edge_utilization": {
        "1-2": 0.43000000000000005,
        "1-3": 0.8,
        "1-6": 0.17894736842105263,
        "2-4": 0.925,
        "2-5": 0.9888888888888888,
        "2-6": 0.17777777777777778,
        "2-3": 0.8470588235294118,
        "3-4": 0.74,
        "4-7": 0.5840000000000001,
        "5-7": 0.26666666666666666
      },
      "summary": {
        "avg_node_utilization": 0.8003571428571429,
        "max_node_utilization": 0.9833333333333334,
        "min_node_utilization": 0.6,
        "std_node_utilization": 0.13425858810789582,
        "avg_edge_utilization": 0.5938339525283797,
        "max_edge_utilization": 0.9888888888888888,
        "num_nodes_over_80pct": 4,
        "num_nodes_over_50pct": 7,
        "num_nodes_unused": 0,
        "num_edges_utilized": 10
      }
    }
  },
  "Yu2008": {
    "metrics": {
      "total_requests": 35,
      "successful_requests": 10,
      "acceptance_ratio": 0.2857142857142857,
      "total_revenue": 3464,
      "total_cost": 4368,
      "revenue_cost_ratio": 0.793040293040293
    },
    "status": "SUCCESS",
    "utilization": {
      "peak_time": 75,
      "peak_active_vnrs": 3,
      "node_utilization": {
        "1": 0.8400000000000001,
        "2": 0.7066666666666667,
        "3": 0.5,
        "4": 0.525,
        "5": 0.6444444444444444,
        "6": 0.509090909090909,
        "7": 0.7785714285714285
      },
      "edge_utilization": {
        "1-2": 0.9000000000000001,
        "1-3": 0.425,
        "1-6": 0.16842105263157894,
        "2-4": 0.825,
        "2-5": 0.8777777777777778,
        "2-6": 0.4296296296296296,
        "2-3": 0.3764705882352941,
        "3-4": 0.34,
        "4-5": 0.4818181818181818,
        "4-7": 0.68,
        "5-7": 0.6666666666666666
      },
      "summary": {
        "avg_node_utilization": 0.6433962069676354,
        "max_node_utilization": 0.8400000000000001,
        "min_node_utilization": 0.5,
        "std_node_utilization": 0.1273620760315511,
        "avg_edge_utilization": 0.5609803542508298,
        "max_edge_utilization": 0.9000000000000001,
        "num_nodes_over_80pct": 1,
        "num_nodes_over_50pct": 6,
        "num_nodes_unused": 0,
        "num_edges_utilized": 11
      }
    }
  }
}