{
  "Simple_Greedy": {
    "metrics": {
      "total_requests": 35,
      "successful_requests": 9,
      "acceptance_ratio": 0.2571428571428571,
      "total_revenue": 2782,
      "total_cost": 3362,
      "revenue_cost_ratio": 0.8274836406900654
    },
    "status": "SUCCESS",
    "utilization": {
      "peak_time": 56,
      "peak_active_vnrs": 3,
      "node_utilization": {
        "1": 0.6,
        "2": 0.5133333333333334,
        "3": 0.4,
        "4": 0.5583333333333333,
        "5": 0.5555555555555556,
        "6": 0.6090909090909091,
        "7": 0.8285714285714285
      },
      "edge_utilization": {
        "1-2": 0.24,
        "2-1": 0.18,
        "6-1": 0.4105263157894737,
        "2-4": 0.7250000000000001,
        "4-2": 0.275,
        "2-5": 0.35555555555555557,
        "5-2": 0.2777777777777778,
        "2-6": 0.6222222222222222,
        "6-2": 0.16296296296296298,
        "2-3": 0.36470588235294116,
        "4-3": 0.25,
        "4-7": 0.52,
        "7-4": 0.264,
        "7-5": 0.6190476190476191
      },
      "summary": {
        "avg_node_utilization": 0.5806977942692227,
        "max_node_utilization": 0.8285714285714285,
        "min_node_utilization": 0.4,
        "std_node_utilization": 0.12008452227432356,
        "avg_edge_utilization": 0.37619988112203945,
        "max_edge_utilization": 0.7250000000000001,
        "num_nodes_over_80pct": 1,
        "num_nodes_over_50pct": 6,
        "num_nodes_unused": 0,
        "num_edges_utilized": 14
      }
    }
  },
  "RW_BFS": {
    "metrics": {
      "total_requests": 35,
      "successful_requests": 17,
      "acceptance_ratio": 0.4857142857142857,
      "total_revenue": 4894,
      "total_cost": 5320,
      "revenue_cost_ratio": 0.9199248120300751
    },
    "status": "SUCCESS",
    "utilization": {
      "peak_time": 6,
      "peak_active_vnrs": 4,
      "node_utilization": {
        "1": 0.9,
        "2": 0.8400000000000001,
        "3": 0.7875000000000001,
        "4": 0.8999999999999999,
        "5": 0.8666666666666667,
        "6": 0.7727272727272727,
        "7": 0.5
      },
      "edge_utilization": {
        "1-2": 0.6699999999999999,
        "1-3": 0.2125,
        "3-1": 0.2125,
        "6-1": 0.17894736842105263,
        "4-2": 0.8833333333333333,
        "5-2": 0.711111111111111,
        "6-2": 0.4,
        "3-2": 0.5294117647058824,
        "5-4": 0.20909090909090908,
        "7-4": 0.42400000000000004
      },
      "summary": {
        "avg_node_utilization": 0.7952705627705628,
        "max_node_utilization": 0.9,
        "min_node_utilization": 0.5,
        "std_node_utilization": 0.12916651659322034,
        "avg_edge_utilization": 0.44308944866622885,
        "max_edge_utilization": 0.8833333333333333,
        "num_nodes_over_80pct": 4,
        "num_nodes_over_50pct": 6,
        "num_nodes_unused": 0,
        "num_edges_utilized": 10
      }
    }
  },
  "RW_MaxMatch": {
    "metrics": {
      "total_requests": 35,
      "successful_requests": 18,
      "acceptance_ratio": 0.5142857142857142,
      "total_revenue": 4870,
      "total_cost": 5865,
      "revenue_cost_ratio": 0.8303495311167945
    },
    "status": "SUCCESS",
    "utilization": {
      "peak_time": 6,
      "peak_active_vnrs": 4,
      "node_utilization": {
        "1": 1.0,
        "2": 0.8400000000000001,
        "3": 0.6,
        "4": 0.8999999999999999,
        "5": 0.8666666666666667,
        "6": 0.6181818181818182,
        "7": 0.6571428571428571
      },
      "edge_utilization": {
        "1-2": 0.23,
        "2-1": 0.6000000000000001,
        "2-4": 1.0583333333333333,
        "2-5": 0.8999999999999999,
        "5-2": 0.45555555555555555,
        "2-6": 0.32592592592592595,
        "6-2": 0.1259259259259259,
        "2-3": 0.6705882352941177,
        "4-5": 0.21818181818181817,
        "4-7": 0.176,
        "7-4": 0.42400000000000004
      },
      "summary": {
        "avg_node_utilization": 0.7831416202844775,
        "max_node_utilization": 1.0,
        "min_node_utilization": 0.6,
        "std_node_utilization": 0.14517035519051932,
        "avg_edge_utilization": 0.4713191631106069,
        "max_edge_utilization": 1.0583333333333333,
        "num_nodes_over_80pct": 4,
        "num_nodes_over_50pct": 7,
        "num_nodes_unused": 0,
        "num_edges_utilized": 11
      }
    }
  },
  "Yu2008": {
    "metrics": {
      "total_requests": 35,
      "successful_requests": 10,
      "acceptance_ratio": 0.2857142857142857,
      "total_revenue": 3464,
      "total_cost": 4368,
      "revenue_cost_ratio": 0.793040293040293
    },
    "status": "SUCCESS",
    "utilization": {
      "peak_time": 75,
      "peak_active_vnrs": 3,
      "node_utilization": {
        "1": 0.8400000000000001,
        "2": 0.7066666666666667,
        "3": 0.5,
        "4": 0.525,
        "5": 0.6444444444444444,
        "6": 0.509090909090909,
        "7": 0.7785714285714285
      },
      "edge_utilization": {
        "1-2": 0.3,
        "2-1": 0.6000000000000001,
        "1-3": 0.425,
        "6-1": 0.16842105263157894,
        "2-4": 0.825,
        "2-5": 0.8777777777777778,
        "2-6": 0.4296296296296296,
        "2-3": 0.3764705882352941,
        "3-4": 0.34,
        "4-5": 0.4818181818181818,
        "4-7": 0.68,
        "5-7": 0.14285714285714285,
        "7-5": 0.5238095238095237
      },
      "summary": {
        "avg_node_utilization": 0.6433962069676354,
        "max_node_utilization": 0.8400000000000001,
        "min_node_utilization": 0.5,
        "std_node_utilization": 0.1273620760315511,
        "avg_edge_utilization": 0.47467568436608687,
        "max_edge_utilization": 0.8777777777777778,
        "num_nodes_over_80pct": 1,
        "num_nodes_over_50pct": 6,
        "num_nodes_unused": 0,
        "num_edges_utilized": 13
      }
    }
  }
}