{
  "Simple_Greedy": {
    "metrics": {
      "total_requests": 20,
      "successful_requests": 17,
      "acceptance_ratio": 0.85,
      "blocking_probability": 0.15,
      "total_revenue": 1967,
      "total_cost": 2235,
      "revenue_cost_ratio": 0.88
    },
    "status": "SUCCESS",
    "utilization": {
      "peak_time": 60,
      "peak_active_vnrs": 7,
      "node_utilization": {
        "0": 0.4915254237288135,
        "1": 0.4382022471910112,
        "2": 0.7282608695652174,
        "3": 0.6703296703296703,
        "4": 0.5375000000000001,
        "5": 0.6666666666666667,
        "6": 0.46153846153846156,
        "7": 0.7021276595744681,
        "8": 0.48717948717948717,
        "9": 0.43333333333333335,
        "10": 0.5283018867924528,
        "11": 0.6125
      },
      "edge_utilization": {
        "0-1": 0.22448979591836732,
        "0-5": 0.16981132075471697,
        "0-8": 0.12903225806451613,
        "0-9": 0.16923076923076924,
        "1-2": 0.75,
        "1-11": 0.7692307692307692,
        "2-3": 0.4482758620689655,
        "2-4": 0.5714285714285714,
        "2-5": 0.3516483516483516,
        "2-7": 0.8181818181818181,
        "3-4": 0.5263157894736842,
        "3-7": 0.3333333333333333,
        "3-10": 0.21276595744680848,
        "4-6": 0.23076923076923078,
        "5-6": 0.11904761904761904,
        "5-8": 0.2857142857142857,
        "7-8": 0.2112676056338028,
        "7-9": 0.07446808510638298,
        "7-11": 0.08860759493670886,
        "10-11": 0.13793103448275862
      },
      "summary": {
        "avg_node_utilization": 0.5631221421582985,
        "max_node_utilization": 0.7282608695652174,
        "min_node_utilization": 0.43333333333333335,
        "std_node_utilization": 0.10278541934931217,
        "avg_edge_utilization": 0.331077502623573,
        "max_edge_utilization": 0.8181818181818181,
        "num_nodes_over_80pct": 0,
        "num_nodes_over_50pct": 7,
        "num_nodes_unused": 0,
        "num_edges_utilized": 20
      }
    }
  },
  "RW_BFS": {
    "metrics": {
      "total_requests": 20,
      "successful_requests": 19,
      "acceptance_ratio": 0.95,
      "blocking_probability": 0.05,
      "total_revenue": 2255,
      "total_cost": 2301,
      "revenue_cost_ratio": 0.98
    },
    "status": "SUCCESS",
    "utilization": {
      "peak_time": 60,
      "peak_active_vnrs": 7,
      "node_utilization": {
        "0": 0.5932203389830508,
        "1": 0.4943820224719101,
        "2": 0.5543478260869565,
        "3": 0.7802197802197802,
        "4": 0.4375,
        "5": 0.761904761904762,
        "6": 0.19230769230769232,
        "7": 0.7659574468085106,
        "8": 0.6794871794871795,
        "9": 0.31666666666666665,
        "10": 0.22641509433962265,
        "11": 0.7499999999999999
      },
      "edge_utilization": {
        "0-1": 0.15306122448979592,
        "0-9": 0.23076923076923078,
        "1-2": 0.13333333333333333,
        "1-5": 0.39285714285714285,
        "1-11": 0.17307692307692307,
        "2-3": 0.22413793103448276,
        "2-4": 0.19047619047619047,
        "2-5": 0.0989010989010989,
        "2-7": 0.21818181818181817,
        "3-4": 0.45614035087719296,
        "3-7": 0.3181818181818182,
        "3-8": 0.1111111111111111,
        "3-10": 0.09574468085106383,
        "3-11": 0.125,
        "4-6": 0.2692307692307692,
        "5-8": 0.2987012987012987,
        "5-11": 0.3,
        "7-8": 0.09859154929577464,
        "7-9": 0.10638297872340426,
        "7-11": 0.22784810126582278,
        "8-11": 0.3387096774193548
      },
      "summary": {
        "avg_node_utilization": 0.5460340674396776,
        "max_node_utilization": 0.7802197802197802,
        "min_node_utilization": 0.19230769230769232,
        "std_node_utilization": 0.20531530907135914,
        "avg_edge_utilization": 0.21716367756083935,
        "max_edge_utilization": 0.45614035087719296,
        "num_nodes_over_80pct": 0,
        "num_nodes_over_50pct": 7,
        "num_nodes_unused": 0,
        "num_edges_utilized": 21
      }
    }
  },
  "RW_MaxMatch": {
    "metrics": {
      "total_requests": 20,
      "successful_requests": 19,
      "acceptance_ratio": 0.95,
      "blocking_probability": 0.05,
      "total_revenue": 2234,
      "total_cost": 2514,
      "revenue_cost_ratio": 0.889
    },
    "status": "SUCCESS",
    "utilization": {
      "peak_time": 60,
      "peak_active_vnrs": 7,
      "node_utilization": {
        "0": 0.5932203389830508,
        "1": 0.550561797752809,
        "2": 0.49999999999999994,
        "3": 0.8681318681318682,
        "4": 0.4,
        "5": 0.7857142857142858,
        "6": 0.0,
        "7": 0.6702127659574468,
        "8": 0.6282051282051282,
        "9": 0.8166666666666667,
        "10": 0.0,
        "11": 0.725
      },
      "edge_utilization": {
        "0-1": 0.24489795918367346,
        "0-5": 0.32075471698113206,
        "0-8": 0.3064516129032258,
        "0-9": 0.18461538461538463,
        "1-2": 0.11666666666666667,
        "1-5": 0.16071428571428573,
        "1-11": 0.21153846153846154,
        "2-3": 0.706896551724138,
        "2-4": 0.31746031746031744,
        "2-5": 0.2967032967032967,
        "2-7": 0.7636363636363637,
        "3-7": 0.36363636363636365,
        "3-8": 0.24074074074074073,
        "3-11": 0.23958333333333334,
        "4-5": 0.22666666666666666,
        "5-8": 0.1038961038961039,
        "5-11": 0.525,
        "7-8": 0.1267605633802817,
        "7-9": 0.30851063829787234
      },
      "summary": {
        "avg_node_utilization": 0.5448094042842713,
        "max_node_utilization": 0.8681318681318682,
        "min_node_utilization": 0.0,
        "std_node_utilization": 0.27547192509864094,
        "avg_edge_utilization": 0.30342789616201626,
        "max_edge_utilization": 0.7636363636363637,
        "num_nodes_over_80pct": 2,
        "num_nodes_over_50pct": 8,
        "num_nodes_unused": 2,
        "num_edges_utilized": 19
      }
    }
  },
  "Yu2008": {
    "metrics": {
      "total_requests": 20,
      "successful_requests": 20,
      "acceptance_ratio": 1.0,
      "blocking_probability": 0.0,
      "total_revenue": 2398,
      "total_cost": 2839,
      "revenue_cost_ratio": 0.845
    },
    "status": "SUCCESS",
    "utilization": {
      "peak_time": 100,
      "peak_active_vnrs": 9,
      "node_utilization": {
        "0": 0.8813559322033899,
        "1": 0.7752808988764044,
        "2": 0.7282608695652174,
        "3": 0.9010989010989011,
        "4": 0.9375000000000001,
        "5": 0.8690476190476191,
        "6": 0.38461538461538464,
        "7": 0.8297872340425532,
        "8": 0.9615384615384616,
        "9": 0.6333333333333333,
        "10": 0.8679245283018868,
        "11": 0.8374999999999999
      },
      "edge_utilization": {
        "0-1": 0.07142857142857142,
        "0-5": 0.9245283018867925,
        "0-8": 0.8548387096774193,
        "0-9": 0.5384615384615385,
        "1-2": 0.6166666666666667,
        "1-5": 0.75,
        "1-11": 0.6730769230769231,
        "2-3": 0.7931034482758621,
        "2-4": 0.36507936507936506,
        "2-5": 0.2087912087912088,
        "2-7": 0.2727272727272727,
        "3-4": 0.15789473684210525,
        "3-7": 0.8030303030303031,
        "3-8": 0.8888888888888888,
        "3-10": 0.10638297872340426,
        "3-11": 0.23958333333333334,
        "4-5": 0.22666666666666666,
        "5-6": 0.26190476190476186,
        "5-8": 0.22077922077922077,
        "7-8": 0.49295774647887325,
        "7-9": 0.36170212765957444,
        "7-11": 0.13924050632911392,
        "9-10": 0.1590909090909091,
        "10-11": 0.12643678160919541
      },
      "summary": {
        "avg_node_utilization": 0.8006035968852626,
        "max_node_utilization": 0.9615384615384616,
        "min_node_utilization": 0.38461538461538464,
        "std_node_utilization": 0.15264088190337663,
        "avg_edge_utilization": 0.42721920697533217,
        "max_edge_utilization": 0.9245283018867925,
        "num_nodes_over_80pct": 8,