{
  "Simple_Greedy": {
    "metrics": {
      "total_requests": 20,
      "successful_requests": 18,
      "acceptance_ratio": 0.9,
      "blocking_probability": 0.1,
      "total_revenue": 2091,
      "total_cost": 2394,
      "revenue_cost_ratio": 0.873
    },
    "status": "SUCCESS",
    "utilization": {
      "peak_time": 60,
      "peak_active_vnrs": 7,
      "node_utilization": {
        "0": 0.4915254237288135,
        "1": 0.4382022471910112,
        "2": 0.7282608695652174,
        "3": 0.6703296703296703,
        "4": 0.5375000000000001,
        "5": 0.6666666666666667,
        "6": 0.46153846153846156,
        "7": 0.7021276595744681,
        "8": 0.48717948717948717,
        "9": 0.43333333333333335,
        "10": 0.5283018867924528,
        "11": 0.6125
      },
      "edge_utilization": {
        "1-0": 0.22448979591836732,
        "0-5": 0.16981132075471697,
        "0-8": 0.12903225806451613,
        "9-0": 0.16923076923076924,
        "1-2": 0.5833333333333333,
        "2-1": 0.16666666666666666,
        "11-1": 0.7692307692307692,
        "2-3": 0.1896551724137931,
        "3-2": 0.25862068965517243,
        "4-2": 0.5714285714285714,
        "2-5": 0.20879120879120877,
        "5-2": 0.14285714285714285,
        "2-7": 0.7454545454545454,
        "7-2": 0.07272727272727272,
        "3-4": 0.3333333333333333,
        "4-3": 0.19298245614035087,
        "3-7": 0.13636363636363635,
        "7-3": 0.19696969696969696,
        "3-10": 0.0851063829787234,
        "10-3": 0.1276595744680851,
        "4-6": 0.23076923076923078,
        "6-5": 0.11904761904761904,
        "5-8": 0.12987012987012986,
        "8-5": 0.15584415584415584,
        "7-8": 0.2112676056338028,
        "7-9": 0.07446808510638298,
        "11-7": 0.08860759493670886,
        "11-10": 0.13793103448275862
      },
      "summary": {
        "avg_node_utilization": 0.5631221421582985,
        "max_node_utilization": 0.7282608695652174,
        "min_node_utilization": 0.43333333333333335,
        "std_node_utilization": 0.10278541934931217,
        "avg_edge_utilization": 0.2364839304454093,
        "max_edge_utilization": 0.7692307692307692,
        "num_nodes_over_80pct": 0,
        "num_nodes_over_50pct": 7,
        "num_nodes_unused": 0,
        "num_edges_utilized": 28
      }
    }
  },
  "RW_BFS": {
    "metrics": {
      "total_requests": 20,
      "successful_requests": 20,
      "acceptance_ratio": 1.0,
      "blocking_probability": 0.0,
      "total_revenue": 2398,
      "total_cost": 2462,
      "revenue_cost_ratio": 0.974
    },
    "status": "SUCCESS",
    "utilization": {
      "peak_time": 100,
      "peak_active_vnrs": 8,
      "node_utilization": {
        "0": 0.2542372881355932,
        "1": 0.6853932584269663,
        "2": 0.8804347826086956,
        "3": 0.8461538461538461,
        "4": 0.65,
        "5": 0.8928571428571428,
        "6": 0.4423076923076923,
        "7": 0.8723404255319148,
        "8": 0.8333333333333334,
        "9": 0.8333333333333333,
        "10": 0.0,
        "11": 0.85
      },
      "edge_utilization": {
        "0-1": 0.07142857142857142,
        "0-5": 0.16981132075471697,
        "8-0": 0.11290322580645161,
        "1-2": 0.35,
        "1-5": 0.26785714285714285,
        "1-11": 0.2692307692307692,
        "2-3": 0.3793103448275862,
        "3-2": 0.15517241379310345,
        "4-2": 0.15873015873015872,
        "5-2": 0.3626373626373627,
        "2-7": 1.1454545454545455,
        "4-3": 0.2982456140350877,
        "7-3": 0.3181818181818182,
        "3-8": 0.18518518518518517,
        "8-3": 0.18518518518518517,
        "3-11": 0.25,
        "5-6": 0.09523809523809523,
        "8-5": 0.18181818181818182,
        "5-11": 0.2,
        "11-5": 0.1375,
        "6-7": 0.16666666666666666,
        "9-7": 0.35106382978723405,
        "8-9": 0.26506024096385544,
        "8-11": 0.1935483870967742
      },
      "summary": {
        "avg_node_utilization": 0.6700325918907097,
        "max_node_utilization": 0.8928571428571428,
        "min_node_utilization": 0.0,
        "std_node_utilization": 0.2777761154758331,
        "avg_edge_utilization": 0.2612595441532705,
        "max_edge_utilization": 1.1454545454545455,
        "num_nodes_over_80pct": 7,
        "num_nodes_over_50pct": 9,
        "num_nodes_unused": 1,
        "num_edges_utilized": 24
      }
    }
  },
  "RW_MaxMatch": {
    "metrics": {
      "total_requests": 20,
      "successful_requests": 20,
      "acceptance_ratio": 1.0,
      "blocking_probability": 0.0,
      "total_revenue": 2398,
      "total_cost": 2676,
      "revenue_cost_ratio": 0.896
    },
    "status": "SUCCESS",
    "utilization": {
      "peak_time": 100,
      "peak_active_vnrs": 8,
      "node_utilization": {
        "0": 0.5254237288135594,
        "1": 0.5730337078651685,
        "2": 0.7391304347826088,
        "3": 0.8461538461538461,
        "4": 0.525,
        "5": 0.9642857142857142,
        "6": 0.3269230769230769,
        "7": 0.9468085106382977,
        "8": 0.9487179487179487,
        "9": 0.65,
        "10": 0.20754716981132076,
        "11": 0.8625
      },
      "edge_utilization": {
        "1-0": 0.18367346938775508,
        "0-5": 0.32075471698113206,
        "5-0": 0.39622641509433965,
        "0-8": 0.29032258064516125,
        "0-9": 0.3230769230769231,
        "1-5": 0.21428571428571427,
        "5-1": 0.16071428571428573,
        "3-2": 0.25862068965517243,
        "2-4": 0.20634920634920634,
        "4-2": 0.3492063492063492,
        "2-5": 0.3626373626373626,
        "2-7": 0.23636363636363636,
        "7-2": 0.6363636363636362,
        "4-3": 0.14035087719298245,
        "3-7": 0.6212121212121212,
        "3-8": 0.4074074074074074,
        "8-3": 0.24074074074074073,
        "3-11": 0.08333333333333333,
        "11-3": 0.125,
        "5-4": 0.3333333333333333,
        "6-4": 0.4230769230769231,
        "5-11": 0.225,
        "11-5": 0.2,
        "8-7": 0.15492957746478872,
        "7-9": 0.10638297872340426,
        "9-7": 0.07446808510638298,
        "7-11": 0.17721518987341772,
        "8-11": 0.22580645161290322,
        "11-10": 0.08045977011494253
      },
      "summary": {
        "avg_node_utilization": 0.6762936781659619,
        "max_node_utilization": 0.9642857142857142,
        "min_node_utilization": 0.20754716981132076,
        "std_node_utilization": 0.24093481195469532,
        "avg_edge_utilization": 0.26059695775701225,
        "max_edge_utilization": 0.6363636363636362,
        "num_nodes_over_80pct": 5,
        "num_nodes_over_50pct": 10,
        "num_nodes_unused": 0,
        "num_edges_utilized": 29
      }
    }
  },
  "Yu2008": {
    "metrics": {
      "total_requests": 20,
      "successful_requests": 20,
      "acceptance_ratio": 1.0,
      "blocking_probability": 0.0,
      "total_revenue": 2398,
      "total_cost": 2839,
      "revenue_cost_ratio": 0.845
    },
    "status": "SUCCESS",
    "utilization": {
      "peak_time": 100,
      "peak_active_vnrs": 9,
      "node_utilization": {
        "0": 0.8813559322033899,
        "1": 0.7752808988764044,
        "2": 0.7282608695652174,
        "3": 0.9010989010989011,
        "4": 0.9375000000000001,
        "5": 0.8690476190476191,
        "6": 0.38461538461538464,
        "7": 0.8297872340425532,
        "8": 0.9615384615384616,
        "9": 0.6333333333333333,
        "10": 0.8679245283018868,
        "11": 0.8374999999999999
      },
      "edge_utilization": {
        "0-1": 0.07142857142857142,
        "5-0": 0.9245283018867925,
        "0-8": 0.4032258064516129,
        "8-0": 0.45161290322580644,
        "0-9": 0.5384615384615385,
        "1-2": 0.21666666666666667,
        "2-1": 0.4,
        "1-5": 0.39285714285714285,
        "5-1": 0.3571428571428571,
        "1-11": 0.6730769230769231,
        "2-3": 0.6551724137931034,
        "3-2": 0.13793103448275862,
        "2-4": 0.36507936507936506,
        "2-5": 0.07692307692307693,
        "5-2": 0.13186813186813187,