{
  "Simple_Greedy": {
    "metrics": {
      "total_requests": 20,
      "successful_requests": 17,
      "acceptance_ratio": 0.85,
      "total_revenue": 2001,
      "total_cost": 2334,
      "revenue_cost_ratio": 0.8573264781491002
    },
    "status": "SUCCESS",
    "utilization": {
      "peak_time": 60,
      "peak_active_vnrs": 7,
      "node_utilization": {
        "1": 0.88,
        "2": 0.49333333333333335,
        "3": 0.825,
        "4": 0.7166666666666667,
        "5": 0.6,
        "6": 0.5636363636363636,
        "7": 0.6857142857142857
      },
      "edge_utilization": {
        "1-2": 0.67,
        "1-3": 0.3,
        "1-6": 0.4631578947368421,
        "2-4": 0.8333333333333334,
        "2-5": 0.5,
        "2-6": 0.13333333333333333,
        "2-3": 0.4470588235294118,
        "3-4": 0.17,
        "4-7": 0.832,
        "5-7": 0.08571428571428572
      },
      "summary": {
        "avg_node_utilization": 0.6806215213358071,
        "max_node_utilization": 0.88,
        "min_node_utilization": 0.49333333333333335,
        "std_node_utilization": 0.12938554445448572,
        "avg_edge_utilization": 0.4434597670647206,
        "max_edge_utilization": 0.8333333333333334,
        "num_nodes_over_80pct": 2,
        "num_nodes_over_50pct": 6,
        "num_nodes_unused": 0,
        "num_edges_utilized": 10
      }
    }
  },
  "RW_BFS": {
    "metrics": {
      "total_requests": 20,
      "successful_requests": 20,
      "acceptance_ratio": 1.0,
      "total_revenue": 2398,
      "total_cost": 2531,
      "revenue_cost_ratio": 0.9474516001580403
    },
    "status": "SUCCESS",
    "utilization": {
      "peak_time": 100,
      "peak_active_vnrs": 8,
      "node_utilization": {
        "1": 0.9500000000000001,
        "2": 0.9866666666666666,
        "3": 0.7749999999999999,
        "4": 0.9583333333333333,
        "5": 1.0,
        "6": 0.5454545454545454,
        "7": 0.5642857142857143
      },
      "edge_utilization": {
        "1-2": 0.76,
        "2-4": 0.7,
        "2-5": 0.9555555555555555,
        "2-6": 0.48888888888888893,
        "2-3": 0.48235294117647065,
        "3-4": 0.22000000000000003,
        "4-5": 0.09090909090909091,
        "4-7": 0.176,
        "5-7": 0.3238095238095238
      },
      "summary": {
        "avg_node_utilization": 0.8256771799628941,
        "max_node_utilization": 1.0,
        "min_node_utilization": 0.5454545454545454,
        "std_node_utilization": 0.18469212946820787,
        "avg_edge_utilization": 0.46639066670439216,
        "max_edge_utilization": 0.9555555555555555,
        "num_nodes_over_80pct": 4,
        "num_nodes_over_50pct": 7,
        "num_nodes_unused": 0,
        "num_edges_utilized": 9
      }
    }
  },
  "RW_MaxMatch": {
    "metrics": {
      "total_requests": 20,
      "successful_requests": 19,
      "acceptance_ratio": 0.95,
      "total_revenue": 2308,
      "total_cost": 2481,
      "revenue_cost_ratio": 0.9302700523982266
    },
    "status": "SUCCESS",
    "utilization": {
      "peak_time": 60,
      "peak_active_vnrs": 7,
      "node_utilization": {
        "1": 0.7100000000000001,
        "2": 0.8,
        "3": 0.7749999999999999,
        "4": 0.7083333333333333,
        "5": 0.7666666666666666,
        "6": 0.44545454545454544,
        "7": 0.5
      },
      "edge_utilization": {
        "1-2": 0.41000000000000003,
        "1-3": 0.4,
        "1-6": 0.21052631578947367,
        "2-4": 0.85,
        "2-5": 0.35555555555555557,
        "2-6": 0.23703703703703705,
        "2-3": 0.15294117647058825,
        "3-4": 0.13,
        "4-5": 0.14545454545454545,
        "4-7": 0.5439999999999999,
        "5-7": 0.1619047619047619
      },
      "summary": {
        "avg_node_utilization": 0.6722077922077921,
        "max_node_utilization": 0.8,
        "min_node_utilization": 0.44545454545454544,
        "std_node_utilization": 0.13072622953599533,
        "avg_edge_utilization": 0.3270381265647238,
        "max_edge_utilization": 0.85,
        "num_nodes_over_80pct": 0,
        "num_nodes_over_50pct": 5,
        "num_nodes_unused": 0,
        "num_edges_utilized": 11
      }
    }
  },
  "Yu2008": {
    "metrics": {
      "total_requests": 20,
      "successful_requests": 20,
      "acceptance_ratio": 1.0,
      "total_revenue": 2398,
      "total_cost": 2891,
      "revenue_cost_ratio": 0.8294707713593912
    },
    "status": "SUCCESS",
    "utilization": {
      "peak_time": 50,
      "peak_active_vnrs": 8,
      "node_utilization": {
        "1": 0.75,
        "2": 0.9199999999999999,
        "3": 0.7000000000000001,
        "4": 0.7999999999999999,
        "5": 0.8333333333333334,
        "6": 0.7363636363636364,
        "7": 0.7
      },
      "edge_utilization": {
        "1-2": 0.7400000000000001,
        "1-3": 0.1875,
        "1-6": 0.22105263157894736,
        "2-4": 0.9833333333333334,
        "2-5": 0.8888888888888887,
        "2-6": 0.5259259259259259,
        "2-3": 0.23529411764705882,
        "3-4": 0.21,
        "4-7": 0.792,
        "5-7": 0.12380952380952381
      },
      "summary": {
        "avg_node_utilization": 0.7770995670995671,
        "max_node_utilization": 0.9199999999999999,
        "min_node_utilization": 0.7,
        "std_node_utilization": 0.07405566352295895,
        "avg_edge_utilization": 0.49078044211836785,
        "max_edge_utilization": 0.9833333333333334,
        "num_nodes_over_80pct": 2,
        "num_nodes_over_50pct": 7,
        "num_nodes_unused": 0,
        "num_edges_utilized": 10
      }
    }
  }
}