{
  "Simple_Greedy": {
    "metrics": {
      "total_requests": 20,
      "successful_requests": 18,
      "acceptance_ratio": 0.9,
      "total_revenue": 2112,
      "total_cost": 2504,
      "revenue_cost_ratio": 0.8434504792332268
    },
    "status": "SUCCESS",
    "utilization": {
      "peak_time": 60,
      "peak_active_vnrs": 7,
      "node_utilization": {
        "1": 0.88,
        "2": 0.49333333333333335,
        "3": 0.825,
        "4": 0.7166666666666667,
        "5": 0.6,
        "6": 0.5636363636363636,
        "7": 0.6857142857142857
      },
      "edge_utilization": {
        "1-2": 0.11,
        "2-1": 0.5599999999999999,
        "1-3": 0.1,
        "3-1": 0.2,
        "1-6": 0.09473684210526316,
        "6-1": 0.3684210526315789,
        "2-4": 0.23333333333333334,
        "4-2": 0.6,
        "2-5": 0.38888888888888884,
        "5-2": 0.1111111111111111,
        "2-6": 0.13333333333333333,
        "3-2": 0.4470588235294118,
        "3-4": 0.17,
        "4-7": 0.144,
        "7-4": 0.688,
        "5-7": 0.08571428571428572
      },
      "summary": {
        "avg_node_utilization": 0.6806215213358071,
        "max_node_utilization": 0.88,
        "min_node_utilization": 0.49333333333333335,
        "std_node_utilization": 0.12938554445448572,
        "avg_edge_utilization": 0.27716235441545034,
        "max_edge_utilization": 0.688,
        "num_nodes_over_80pct": 2,
        "num_nodes_over_50pct": 6,
        "num_nodes_unused": 0,
        "num_edges_utilized": 16
      }
    }
  },
  "RW_BFS": {
    "metrics": {
      "total_requests": 20,
      "successful_requests": 20,
      "acceptance_ratio": 1.0,
      "total_revenue": 2398,
      "total_cost": 2531,
      "revenue_cost_ratio": 0.9474516001580403
    },
    "status": "SUCCESS",
    "utilization": {
      "peak_time": 100,
      "peak_active_vnrs": 8,
      "node_utilization": {
        "1": 0.9500000000000001,
        "2": 0.9866666666666666,
        "3": 0.7749999999999999,
        "4": 0.9583333333333333,
        "5": 1.0,
        "6": 0.5454545454545454,
        "7": 0.5642857142857143
      },
      "edge_utilization": {
        "1-2": 0.76,
        "2-4": 0.20833333333333331,
        "4-2": 0.4916666666666667,
        "2-5": 0.3111111111111111,
        "5-2": 0.6444444444444444,
        "2-6": 0.1111111111111111,
        "6-2": 0.37777777777777777,
        "2-3": 0.11764705882352941,
        "3-2": 0.3647058823529412,
        "3-4": 0.22000000000000003,
        "5-4": 0.09090909090909091,
        "7-4": 0.176,
        "7-5": 0.3238095238095238
      },
      "summary": {
        "avg_node_utilization": 0.8256771799628941,
        "max_node_utilization": 1.0,
        "min_node_utilization": 0.5454545454545454,
        "std_node_utilization": 0.18469212946820787,
        "avg_edge_utilization": 0.3228858461799638,
        "max_edge_utilization": 0.76,
        "num_nodes_over_80pct": 4,
        "num_nodes_over_50pct": 7,
        "num_nodes_unused": 0,
        "num_edges_utilized": 13
      }
    }
  },
  "RW_MaxMatch": {
    "metrics": {
      "total_requests": 20,
      "successful_requests": 19,
      "acceptance_ratio": 0.95,
      "total_revenue": 2255,
      "total_cost": 2511,
      "revenue_cost_ratio": 0.8980485862206292
    },
    "status": "SUCCESS",
    "utilization": {
      "peak_time": 60,
      "peak_active_vnrs": 7,
      "node_utilization": {
        "1": 0.7100000000000001,
        "2": 0.8,
        "3": 0.7749999999999999,
        "4": 0.7083333333333333,
        "5": 0.7666666666666666,
        "6": 0.44545454545454544,
        "7": 0.5
      },
      "edge_utilization": {
        "1-2": 0.2,
        "2-1": 0.21000000000000002,
        "1-3": 0.0875,
        "3-1": 0.3125,
        "1-6": 0.10526315789473684,
        "6-1": 0.10526315789473684,
        "2-4": 0.3833333333333333,
        "4-2": 0.4666666666666667,
        "2-5": 0.2777777777777778,
        "5-2": 0.07777777777777778,
        "2-6": 0.17777777777777778,
        "6-2": 0.05925925925925926,
        "3-2": 0.15294117647058825,
        "3-4": 0.04,
        "4-3": 0.09,
        "5-4": 0.14545454545454545,
        "4-7": 0.192,
        "7-4": 0.35200000000000004,
        "7-5": 0.1619047619047619
      },
      "summary": {
        "avg_node_utilization": 0.6722077922077921,
        "max_node_utilization": 0.8,
        "min_node_utilization": 0.44545454545454544,
        "std_node_utilization": 0.13072622953599533,
        "avg_edge_utilization": 0.189337862747998,
        "max_edge_utilization": 0.4666666666666667,
        "num_nodes_over_80pct": 0,
        "num_nodes_over_50pct": 5,
        "num_nodes_unused": 0,
        "num_edges_utilized": 19
      }
    }
  },
  "Yu2008": {
    "metrics": {
      "total_requests": 20,
      "successful_requests": 20,
      "acceptance_ratio": 1.0,
      "total_revenue": 2398,
      "total_cost": 2891,
      "revenue_cost_ratio": 0.8294707713593912
    },
    "status": "SUCCESS",
    "utilization": {
      "peak_time": 50,
      "peak_active_vnrs": 8,
      "node_utilization": {
        "1": 0.75,
        "2": 0.9199999999999999,
        "3": 0.7000000000000001,
        "4": 0.7999999999999999,
        "5": 0.8333333333333334,
        "6": 0.7363636363636364,
        "7": 0.7
      },
      "edge_utilization": {
        "1-2": 0.29000000000000004,
        "2-1": 0.45,
        "1-3": 0.1875,
        "1-6": 0.06315789473684211,
        "6-1": 0.15789473684210525,
        "2-4": 0.6083333333333334,
        "4-2": 0.375,
        "2-5": 0.7333333333333333,
        "5-2": 0.15555555555555556,
        "2-6": 0.3185185185185185,
        "6-2": 0.2074074074074074,
        "2-3": 0.23529411764705882,
        "4-3": 0.21,
        "4-7": 0.264,
        "7-4": 0.528,
        "7-5": 0.12380952380952381
      },
      "summary": {
        "avg_node_utilization": 0.7770995670995671,
        "max_node_utilization": 0.9199999999999999,
        "min_node_utilization": 0.7,
        "std_node_utilization": 0.07405566352295895,
        "avg_edge_utilization": 0.3067377763239799,
        "max_edge_utilization": 0.7333333333333333,
        "num_nodes_over_80pct": 2,
        "num_nodes_over_50pct": 7,
        "num_nodes_unused": 0,
        "num_edges_utilized": 16
      }
    }
  }
}