{
  "Simple_Greedy": {
    "metrics": {
      "total_requests": 20,
      "successful_requests": 14,
      "acceptance_ratio": 0.7,
      "blocking_probability": 0.3,
      "total_revenue": 1736,
      "total_cost": 2822,
      "revenue_cost_ratio": 0.615
    },
    "status": "SUCCESS",
    "utilization": {
      "peak_time": 35,
      "peak_active_vnrs": 6,
      "node_utilization": {
        "0": 0.5056179775280899,
        "1": 0.6326530612244898,
        "2": 0.29411764705882354,
        "3": 0.2465753424657534,
        "4": 0.46739130434782605,
        "5": 0.2638888888888889,
        "6": 0.3194444444444444,
        "7": 0.3684210526315789,
        "8": 0.31343283582089554,
        "9": 0.0,
        "10": 0.2077922077922078,
        "11": 0.296875,
        "12": 0.16216216216216217,
        "13": 0.0,
        "14": 0.47058823529411764,
        "15": 0.5,
        "16": 0.0,
        "17": 0.4111111111111111,
        "18": 0.1917808219178082,
        "19": 0.5
      },
      "edge_utilization": {
        "0-1": 0.5473684210526316,
        "1-0": 0.08421052631578947,
        "1-2": 0.7391304347826086,
        "2-1": 0.2717391304347826,
        "1-16": 0.13978494623655913,
        "16-1": 0.21505376344086022,
        "2-3": 0.1375,
        "2-14": 0.5921052631578947,
        "14-2": 0.32894736842105265,
        "16-2": 0.15151515151515152,
        "4-5": 0.1896551724137931,
        "6-4": 0.0851063829787234,
        "4-13": 0.14814814814814814,
        "13-4": 0.08641975308641975,
        "5-6": 0.10112359550561797,
        "6-7": 0.14772727272727273,
        "7-6": 0.09090909090909091,
        "8-7": 0.3055555555555556,
        "7-16": 0.19117647058823528,
        "8-9": 0.3,
        "9-8": 0.28,
        "9-10": 0.2,
        "10-9": 0.18666666666666668,
        "10-11": 0.43859649122807015,
        "13-10": 0.22891566265060243,
        "13-12": 0.21333333333333335,
        "13-14": 0.5873015873015872,
        "14-13": 0.5555555555555556,
        "19-13": 0.34782608695652173,
        "14-15": 0.2,
        "15-14": 0.16666666666666666,
        "15-16": 0.1791044776119403,
        "16-17": 0.49056603773584906,
        "17-16": 0.339622641509434,
        "17-18": 0.25
      },
      "summary": {
        "avg_node_utilization": 0.30759260463440985,
        "max_node_utilization": 0.6326530612244898,
        "min_node_utilization": 0.0,
        "std_node_utilization": 0.1760547090729887,
        "avg_edge_utilization": 0.27192376155675474,
        "max_edge_utilization": 0.7391304347826086,
        "num_nodes_over_80pct": 0,
        "num_nodes_over_50pct": 2,
        "num_nodes_unused": 3,
        "num_edges_utilized": 35
      }
    }
  },
  "RW_BFS": {
    "metrics": {
      "total_requests": 20,
      "successful_requests": 20,
      "acceptance_ratio": 1.0,
      "blocking_probability": 0.0,
      "total_revenue": 2398,
      "total_cost": 2521,
      "revenue_cost_ratio": 0.951
    },
    "status": "SUCCESS",
    "utilization": {
      "peak_time": 100,
      "peak_active_vnrs": 8,
      "node_utilization": {
        "0": 0.19101123595505617,
        "1": 0.6428571428571428,
        "2": 0.5882352941176471,
        "3": 0.0,
        "4": 0.9130434782608696,
        "5": 0.3888888888888889,
        "6": 0.3888888888888889,
        "7": 0.381578947368421,
        "8": 0.7164179104477613,
        "9": 0.0,
        "10": 0.4415584415584416,
        "11": 0.1875,
        "12": 0.4864864864864865,
        "13": 0.9199999999999999,
        "14": 0.38235294117647056,
        "15": 0.0,
        "16": 0.7884615384615385,
        "17": 0.23333333333333334,
        "18": 0.5342465753424657,
        "19": 0.47959183673469385
      },
      "edge_utilization": {
        "0-1": 0.23157894736842105,
        "1-2": 0.32608695652173914,
        "2-1": 0.13043478260869565,
        "1-16": 0.10752688172043011,
        "16-1": 0.15053763440860216,
        "14-2": 0.32894736842105265,
        "2-16": 0.16666666666666666,
        "16-2": 0.12121212121212122,
        "4-5": 0.20689655172413793,
        "5-4": 0.2413793103448276,
        "6-4": 0.18085106382978722,
        "4-13": 0.48148148148148145,
        "5-6": 0.07865168539325842,
        "6-5": 0.1797752808988764,
        "12-5": 0.21428571428571427,
        "7-6": 0.10227272727272728,
        "7-16": 0.20588235294117646,
        "16-7": 0.14705882352941177,
        "8-18": 0.5925925925925926,
        "11-10": 0.14035087719298245,
        "10-13": 0.3132530120481928,
        "13-10": 0.08433734939759036,
        "12-13": 0.14666666666666667,
        "13-19": 0.08695652173913043,
        "17-18": 0.19230769230769232,
        "19-18": 0.35789473684210527
      },
      "summary": {
        "avg_node_utilization": 0.4332226469939052,
        "max_node_utilization": 0.9199999999999999,
        "min_node_utilization": 0.0,
        "std_node_utilization": 0.27276780624007513,
        "avg_edge_utilization": 0.2121494538236954,
        "max_edge_utilization": 0.5925925925925926,
        "num_nodes_over_80pct": 2,
        "num_nodes_over_50pct": 7,
        "num_nodes_unused": 3,
        "num_edges_utilized": 26
      }
    }
  },
  "RW_MaxMatch": {
    "metrics": {
      "total_requests": 20,
      "successful_requests": 20,
      "acceptance_ratio": 1.0,
      "blocking_probability": 0.0,
      "total_revenue": 2398,
      "total_cost": 3345,
      "revenue_cost_ratio": 0.717
    },
    "status": "SUCCESS",
    "utilization": {
      "peak_time": 100,
      "peak_active_vnrs": 8,
      "node_utilization": {
        "0": 0.0,
        "1": 0.9081632653061225,
        "2": 0.5882352941176471,
        "3": 0.0,
        "4": 0.9021739130434783,
        "5": 0.5694444444444444,
        "6": 0.7083333333333333,
        "7": 0.23684210526315788,
        "8": 0.3582089552238806,
        "9": 0.0,
        "10": 0.5064935064935064,
        "11": 0.234375,
        "12": 0.6216216216216217,
        "13": 0.9400000000000001,
        "14": 0.4264705882352941,
        "15": 0.0,
        "16": 0.7692307692307692,
        "17": 0.0,
        "18": 0.6027397260273972,
        "19": 0.336734693877551
      },
      "edge_utilization": {
        "1-2": 0.1956521739130435,
        "2-1": 0.5869565217391305,
        "1-16": 0.1827956989247312,
        "2-3": 0.1625,
        "3-2": 0.3,
        "2-14": 0.4342105263157895,
        "14-2": 0.7236842105263158,
        "3-4": 0.16666666666666666,
        "4-3": 0.3076923076923077,
        "4-5": 0.25862068965517243,
        "5-4": 0.43103448275862066,
        "4-6": 0.26595744680851063,
        "6-4": 0.09574468085106383,
        "4-13": 0.16049382716049382,
        "13-4": 0.7530864197530863,
        "6-5": 0.07865168539325842,
        "12-5": 0.12244897959183673,
        "6-7": 0.43181818181818177,
        "7-6": 0.07954545454545454,
        "7-8": 0.19444444444444445,
        "8-7": 0.16666666666666666,
        "7-16": 0.5147058823529411,
        "16-7": 0.10294117647058823,
        "9-8": 0.24,
        "8-18": 0.25925925925925924,
        "18-8": 0.3888888888888889,
        "10-9": 0.16,
        "10-11": 0.15789473684210525,
        "11-10": 0.21052631578947367,
        "10-13": 0.12048192771084337,
        "13-10": 0.10843373493975904,
        "12-11": 0.12,
        "12-13": 0.32,
        "13-14": 0.873015873015873,
        "14-13": 0.2857142857142857,
        "19-13": 0.4456521739130435,
        "16-17": 0.32075471698113206,
        "17-18": 0.3269230769230769,
        "18-19": 0.11578947368421053
      },
      "summary": {
        "avg_node_utilization": 0.4354533608109102,
        "max_node_utilization": 0.9400000000000001,
        "min_node_utilization": 0.0,
        "std_node_utilization": 0.31894174285101917,
        "avg_edge_utilization": 0.2864013484028271,
        "max_edge_utilization": 0.873015873015873,
        "num_nodes_over_80pct": 3,
        "num_nodes_over_50pct": 10,
        "num_nodes_unused": 5,
        "num_edges_utilized": 39
      }
    }
  },