{
  "Simple_Greedy": {
    "metrics": {
      "total_requests": 20,
      "successful_requests": 16,
      "acceptance_ratio": 0.8,
      "blocking_probability": 0.2,
      "total_revenue": 1792,
      "total_cost": 2869,
      "revenue_cost_ratio": 0.625
    },
    "status": "SUCCESS",
    "utilization": {
      "peak_time": 60,
      "peak_active_vnrs": 6,
      "node_utilization": {
        "0": 0.14606741573033707,
        "1": 0.5306122448979592,
        "2": 0.2823529411764706,
        "3": 0.3698630136986301,
        "4": 0.6630434782608696,
        "5": 0.2638888888888889,
        "6": 0.3194444444444444,
        "7": 0.27631578947368424,
        "8": 0.2835820895522388,
        "9": 0.0,
        "10": 0.12987012987012986,
        "11": 0.1875,
        "12": 0.14864864864864866,
        "13": 0.0,
        "14": 0.35294117647058826,
        "15": 0.2857142857142857,
        "16": 0.0,
        "17": 0.4,
        "18": 0.2054794520547945,
        "19": 0.510204081632653
      },
      "edge_utilization": {
        "0-1": 0.18947368421052632,
        "1-2": 0.6304347826086957,
        "1-16": 0.12903225806451613,
        "2-3": 0.36250000000000004,
        "2-14": 0.5263157894736842,
        "2-16": 0.4242424242424242,
        "4-5": 0.39655172413793105,
        "4-13": 0.5802469135802468,
        "5-6": 0.10112359550561797,
        "5-12": 0.12244897959183673,
        "6-7": 0.14772727272727273,
        "7-8": 0.1388888888888889,
        "7-16": 0.5882352941176471,
        "8-18": 0.2777777777777778,
        "10-11": 0.15789473684210525,
        "10-13": 0.22891566265060243,
        "13-14": 0.5079365079365079,
        "13-19": 0.34782608695652173,
        "14-15": 0.23333333333333334,
        "15-16": 0.26865671641791045,
        "16-17": 0.8301886792452831,
        "17-18": 0.21153846153846154,
        "18-19": 0.15789473684210525
      },
      "summary": {
        "avg_node_utilization": 0.2677764040257312,
        "max_node_utilization": 0.6630434782608696,
        "min_node_utilization": 0.0,
        "std_node_utilization": 0.17266294537096802,
        "avg_edge_utilization": 0.3286601872473868,
        "max_edge_utilization": 0.8301886792452831,
        "num_nodes_over_80pct": 0,
        "num_nodes_over_50pct": 3,
        "num_nodes_unused": 3,
        "num_edges_utilized": 23
      }
    }
  },
  "RW_BFS": {
    "metrics": {
      "total_requests": 20,
      "successful_requests": 20,
      "acceptance_ratio": 1.0,
      "blocking_probability": 0.0,
      "total_revenue": 2398,
      "total_cost": 2521,
      "revenue_cost_ratio": 0.951
    },
    "status": "SUCCESS",
    "utilization": {
      "peak_time": 100,
      "peak_active_vnrs": 8,
      "node_utilization": {
        "0": 0.19101123595505617,
        "1": 0.6428571428571428,
        "2": 0.5882352941176471,
        "3": 0.0,
        "4": 0.9130434782608696,
        "5": 0.3888888888888889,
        "6": 0.3888888888888889,
        "7": 0.381578947368421,
        "8": 0.7164179104477613,
        "9": 0.0,
        "10": 0.4415584415584416,
        "11": 0.1875,
        "12": 0.4864864864864865,
        "13": 0.9199999999999999,
        "14": 0.38235294117647056,
        "15": 0.0,
        "16": 0.7884615384615385,
        "17": 0.23333333333333334,
        "18": 0.5342465753424657,
        "19": 0.47959183673469385
      },
      "edge_utilization": {
        "0-1": 0.23157894736842105,
        "1-2": 0.4565217391304348,
        "1-16": 0.25806451612903225,
        "2-14": 0.32894736842105265,
        "2-16": 0.28787878787878785,
        "4-5": 0.4482758620689655,
        "4-6": 0.18085106382978722,
        "4-13": 0.48148148148148145,
        "5-6": 0.2584269662921348,
        "5-12": 0.21428571428571427,
        "6-7": 0.10227272727272728,
        "7-16": 0.3529411764705882,
        "8-18": 0.5925925925925926,
        "10-11": 0.14035087719298245,
        "10-13": 0.39759036144578314,
        "12-13": 0.14666666666666667,
        "13-19": 0.08695652173913043,
        "17-18": 0.19230769230769232,
        "18-19": 0.35789473684210527
      },
      "summary": {
        "avg_node_utilization": 0.4332226469939052,
        "max_node_utilization": 0.9199999999999999,
        "min_node_utilization": 0.0,
        "std_node_utilization": 0.27276780624007513,
        "avg_edge_utilization": 0.2903097789166359,
        "max_edge_utilization": 0.5925925925925926,
        "num_nodes_over_80pct": 2,
        "num_nodes_over_50pct": 7,
        "num_nodes_unused": 3,
        "num_edges_utilized": 19
      }
    }
  },
  "RW_MaxMatch": {
    "metrics": {
      "total_requests": 20,
      "successful_requests": 19,
      "acceptance_ratio": 0.95,
      "blocking_probability": 0.05,
      "total_revenue": 2255,
      "total_cost": 3085,
      "revenue_cost_ratio": 0.731
    },
    "status": "SUCCESS",
    "utilization": {
      "peak_time": 60,
      "peak_active_vnrs": 7,
      "node_utilization": {
        "0": 0.0,
        "1": 0.6326530612244898,
        "2": 0.6941176470588235,
        "3": 0.0,
        "4": 0.7391304347826086,
        "5": 0.3888888888888889,
        "6": 0.5416666666666666,
        "7": 0.5263157894736843,
        "8": 0.22388059701492538,
        "9": 0.0,
        "10": 0.4155844155844156,
        "11": 0.0,
        "12": 0.2972972972972973,
        "13": 0.8,
        "14": 0.3088235294117647,
        "15": 0.0,
        "16": 0.7115384615384615,
        "17": 0.0,
        "18": 0.3972602739726027,
        "19": 0.3469387755102041
      },
      "edge_utilization": {
        "1-2": 0.44565217391304346,
        "1-16": 0.43010752688172044,
        "2-3": 0.3625,
        "2-14": 0.513157894736842,
        "2-16": 0.2878787878787879,
        "3-4": 0.3717948717948718,
        "4-5": 0.43103448275862066,
        "4-6": 0.11702127659574468,
        "4-13": 0.5061728395061729,
        "5-12": 0.2142857142857143,
        "6-7": 0.5568181818181818,
        "7-8": 0.5555555555555556,
        "7-16": 0.38235294117647056,
        "8-9": 0.2,
        "8-18": 0.24074074074074073,
        "9-10": 0.13333333333333333,
        "10-11": 0.3508771929824561,
        "10-13": 0.0963855421686747,
        "11-12": 0.2,
        "12-13": 0.18666666666666668,
        "13-14": 0.7301587301587302,
        "13-19": 0.2391304347826087,
        "16-17": 0.4339622641509434,
        "17-18": 0.4423076923076923,
        "18-19": 0.14736842105263157
      },
      "summary": {
        "avg_node_utilization": 0.35120479192124165,
        "max_node_utilization": 0.8,
        "min_node_utilization": 0.0,
        "std_node_utilization": 0.275151989543001,
        "avg_edge_utilization": 0.34301053060984815,
        "max_edge_utilization": 0.7301587301587302,
        "num_nodes_over_80pct": 0,
        "num_nodes_over_50pct": 7,
        "num_nodes_unused": 6,
        "num_edges_utilized": 25
      }
    }
  },
  "Yu2008": {
    "metrics": {
      "total_requests": 20,
      "successful_requests": 20,
      "acceptance_ratio": 1.0,
      "blocking_probability": 0.0,
      "total_revenue": 2398,
      "total_cost": 3529,
      "revenue_cost_ratio": 0.68
    },
    "status": "SUCCESS",
    "utilization": {
      "peak_time": 50,
      "peak_active_vnrs": 8,
      "node_utilization": {
        "0": 0.0,
        "1": 0.6734693877551021,
        "2": 0.6,
        "3": 0.0,
        "4": 0.6956521739130435,
        "5": 0.5,
        "6": 0.75,
        "7": 0.42105263157894735,
        "8": 0.14925373134328357,
        "9": 0.0,
        "10": 0.5974025974025974,
        "11": 0.375,
        "12": 0.6486486486486487,
        "13": 0.68,
        "14": 0.5147058823529411,
        "15": 0.13095238095238096,
        "16": 0.6346153846153846,
        "17": 0.13333333333333333,
        "18": 0.3561643835616438,
        "19": 0.37755102040816324
      },
      "edge_utilization": {
        "1-2": 0.41304347826086957,
        "1-16": 0.26881720430107525,
        "2-3": 0.225,
        "2-14": 0.4605263157894737,