{
  "Simple_Greedy": {
    "metrics": {
      "total_requests": 25,
      "successful_requests": 16,
      "acceptance_ratio": 0.64,
      "total_revenue": 2233,
      "total_cost": 2637,
      "revenue_cost_ratio": 0.8467956010618126
    },
    "status": "SUCCESS",
    "utilization": {
      "peak_time": 10,
      "peak_active_vnrs": 6,
      "node_utilization": {
        "1": 0.7000000000000001,
        "2": 0.7466666666666666,
        "3": 0.8,
        "4": 0.6916666666666667,
        "5": 0.6,
        "6": 0.5909090909090908,
        "7": 0.7142857142857143
      },
      "edge_utilization": {
        "2-1": 0.2,
        "1-3": 0.5,
        "6-1": 0.30526315789473685,
        "2-4": 0.7916666666666667,
        "4-2": 0.2583333333333333,
        "2-5": 0.1111111111111111,
        "2-6": 0.31851851851851853,
        "6-2": 0.15555555555555556,
        "2-3": 0.2705882352941177,
        "3-4": 0.17,
        "5-4": 0.14545454545454545,
        "4-7": 0.624,
        "7-4": 0.2,
        "7-5": 0.22857142857142856
      },
      "summary": {
        "avg_node_utilization": 0.6919325912183055,
        "max_node_utilization": 0.8,
        "min_node_utilization": 0.5909090909090908,
        "std_node_utilization": 0.06958709723381563,
        "avg_edge_utilization": 0.3056473251714295,
        "max_edge_utilization": 0.7916666666666667,
        "num_nodes_over_80pct": 0,
        "num_nodes_over_50pct": 7,
        "num_nodes_unused": 0,
        "num_edges_utilized": 14
      }
    }
  },
  "RW_BFS": {
    "metrics": {
      "total_requests": 25,
      "successful_requests": 21,
      "acceptance_ratio": 0.84,
      "total_revenue": 2973,
      "total_cost": 3139,
      "revenue_cost_ratio": 0.9471169162153552
    },
    "status": "SUCCESS",
    "utilization": {
      "peak_time": 12,
      "peak_active_vnrs": 7,
      "node_utilization": {
        "1": 0.92,
        "2": 0.8866666666666666,
        "3": 0.9124999999999999,
        "4": 0.9749999999999999,
        "5": 0.9666666666666667,
        "6": 0.6454545454545454,
        "7": 0.25
      },
      "edge_utilization": {
        "1-2": 0.28,
        "2-1": 0.1,
        "1-3": 0.2,
        "1-6": 0.30526315789473685,
        "4-2": 0.95,
        "5-2": 0.3555555555555555,
        "6-2": 0.3851851851851852,
        "3-2": 0.17647058823529413,
        "3-4": 0.24,
        "5-4": 0.18181818181818182,
        "7-4": 0.248,
        "7-5": 0.1523809523809524
      },
      "summary": {
        "avg_node_utilization": 0.7937554112554112,
        "max_node_utilization": 0.9749999999999999,
        "min_node_utilization": 0.25,
        "std_node_utilization": 0.24468097952506784,
        "avg_edge_utilization": 0.29788946842249214,
        "max_edge_utilization": 0.95,
        "num_nodes_over_80pct": 5,
        "num_nodes_over_50pct": 6,
        "num_nodes_unused": 0,
        "num_edges_utilized": 12
      }
    }
  },
  "RW_MaxMatch": {
    "metrics": {
      "total_requests": 25,
      "successful_requests": 21,
      "acceptance_ratio": 0.84,
      "total_revenue": 2876,
      "total_cost": 3230,
      "revenue_cost_ratio": 0.8904024767801858
    },
    "status": "SUCCESS",
    "utilization": {
      "peak_time": 32,
      "peak_active_vnrs": 8,
      "node_utilization": {
        "1": 0.8,
        "2": 0.9533333333333334,
        "3": 0.6375,
        "4": 0.9583333333333334,
        "5": 0.9888888888888889,
        "6": 0.8,
        "7": 0.6928571428571428
      },
      "edge_utilization": {
        "2-1": 0.49,
        "1-6": 0.2631578947368421,
        "2-4": 0.7333333333333333,
        "4-2": 0.26666666666666666,
        "2-5": 0.4888888888888889,
        "5-2": 0.12222222222222222,
        "2-6": 0.21481481481481482,
        "6-2": 0.1259259259259259,
        "2-3": 0.17647058823529413,
        "3-2": 0.29411764705882354,
        "4-7": 0.41600000000000004,
        "7-4": 0.168,
        "7-5": 0.13333333333333333
      },
      "summary": {
        "avg_node_utilization": 0.8329875283446713,
        "max_node_utilization": 0.9888888888888889,
        "min_node_utilization": 0.6375,
        "std_node_utilization": 0.12791077836519815,
        "avg_edge_utilization": 0.2994562550166265,
        "max_edge_utilization": 0.7333333333333333,
        "num_nodes_over_80pct": 3,
        "num_nodes_over_50pct": 7,
        "num_nodes_unused": 0,
        "num_edges_utilized": 13
      }
    }
  },
  "Yu2008": {
    "metrics": {
      "total_requests": 25,
      "successful_requests": 19,
      "acceptance_ratio": 0.76,
      "total_revenue": 2910,
      "total_cost": 3549,
      "revenue_cost_ratio": 0.819949281487743
    },
    "status": "SUCCESS",
    "utilization": {
      "peak_time": 50,
      "peak_active_vnrs": 7,
      "node_utilization": {
        "1": 0.8999999999999999,
        "2": 0.9600000000000001,
        "3": 0.85,
        "4": 0.9083333333333332,
        "5": 0.9666666666666667,
        "6": 0.8,
        "7": 0.8714285714285714
      },
      "edge_utilization": {
        "1-2": 0.11,
        "2-1": 0.4600000000000001,
        "1-3": 0.175,
        "6-1": 0.35789473684210527,
        "2-4": 0.8750000000000001,
        "4-2": 0.08333333333333333,
        "2-5": 0.9666666666666666,
        "2-6": 0.31851851851851853,
        "6-2": 0.23703703703703705,
        "2-3": 0.2235294117647059,
        "4-3": 0.1,
        "4-5": 0.2909090909090909,
        "4-7": 0.192,
        "5-7": 0.7142857142857142
      },
      "summary": {
        "avg_node_utilization": 0.8937755102040816,
        "max_node_utilization": 0.9666666666666667,
        "min_node_utilization": 0.8,
        "std_node_utilization": 0.05497922400710588,
        "avg_edge_utilization": 0.36458389352551235,
        "max_edge_utilization": 0.9666666666666666,
        "num_nodes_over_80pct": 6,
        "num_nodes_over_50pct": 7,
        "num_nodes_unused": 0,
        "num_edges_utilized": 14
      }
    }
  }
}