{
  "Simple_Greedy": {
    "metrics": {
      "total_requests": 25,
      "successful_requests": 17,
      "acceptance_ratio": 0.68,
      "total_revenue": 2306,
      "total_cost": 2761,
      "revenue_cost_ratio": 0.8352046360014488
    },
    "status": "SUCCESS",
    "utilization": {
      "peak_time": 12,
      "peak_active_vnrs": 6,
      "node_utilization": {
        "1": 0.48000000000000004,
        "2": 0.6666666666666666,
        "3": 0.5,
        "4": 0.7083333333333334,
        "5": 0.6,
        "6": 0.6909090909090909,
        "7": 0.7142857142857143
      },
      "edge_utilization": {
        "1-3": 0.2,
        "1-6": 0.30526315789473685,
        "2-4": 0.7916666666666667,
        "2-5": 0.1111111111111111,
        "2-6": 0.35555555555555557,
        "2-3": 0.12941176470588237,
        "3-4": 0.17,
        "4-5": 0.14545454545454545,
        "4-7": 0.8240000000000001,
        "5-7": 0.22857142857142856
      },
      "summary": {
        "avg_node_utilization": 0.6228849721706864,
        "max_node_utilization": 0.7142857142857143,
        "min_node_utilization": 0.48000000000000004,
        "std_node_utilization": 0.09121418216522596,
        "avg_edge_utilization": 0.3261034229959927,
        "max_edge_utilization": 0.8240000000000001,
        "num_nodes_over_80pct": 0,
        "num_nodes_over_50pct": 5,
        "num_nodes_unused": 0,
        "num_edges_utilized": 10
      }
    }
  },
  "RW_BFS": {
    "metrics": {
      "total_requests": 25,
      "successful_requests": 19,
      "acceptance_ratio": 0.76,
      "total_revenue": 2678,
      "total_cost": 2770,
      "revenue_cost_ratio": 0.9667870036101083
    },
    "status": "SUCCESS",
    "utilization": {
      "peak_time": 12,
      "peak_active_vnrs": 7,
      "node_utilization": {
        "1": 0.92,
        "2": 0.8866666666666666,
        "3": 0.9124999999999999,
        "4": 0.9749999999999999,
        "5": 0.9666666666666667,
        "6": 0.6454545454545454,
        "7": 0.25
      },
      "edge_utilization": {
        "1-2": 0.38,
        "1-3": 0.2,
        "1-6": 0.30526315789473685,
        "2-4": 0.95,
        "2-5": 0.3555555555555555,
        "2-6": 0.3851851851851852,
        "2-3": 0.17647058823529413,
        "3-4": 0.24,
        "4-5": 0.18181818181818182,
        "4-7": 0.248,
        "5-7": 0.1523809523809524
      },
      "summary": {
        "avg_node_utilization": 0.7937554112554112,
        "max_node_utilization": 0.9749999999999999,
        "min_node_utilization": 0.25,
        "std_node_utilization": 0.24468097952506784,
        "avg_edge_utilization": 0.32497032918817326,
        "max_edge_utilization": 0.95,
        "num_nodes_over_80pct": 5,
        "num_nodes_over_50pct": 6,
        "num_nodes_unused": 0,
        "num_edges_utilized": 11
      }
    }
  },
  "RW_MaxMatch": {
    "metrics": {
      "total_requests": 25,
      "successful_requests": 21,
      "acceptance_ratio": 0.84,
      "total_revenue": 2877,
      "total_cost": 3084,
      "revenue_cost_ratio": 0.9328793774319066
    },
    "status": "SUCCESS",
    "utilization": {
      "peak_time": 32,
      "peak_active_vnrs": 8,
      "node_utilization": {
        "1": 0.96,
        "2": 0.9666666666666668,
        "3": 0.95,
        "4": 0.7833333333333334,
        "5": 0.7888888888888889,
        "6": 0.9181818181818182,
        "7": 0.5714285714285714
      },
      "edge_utilization": {
        "1-2": 0.71,
        "1-3": 0.175,
        "1-6": 0.4,
        "2-4": 0.7916666666666667,
        "2-6": 0.3259259259259259,
        "2-3": 0.5882352941176471,
        "4-5": 0.4090909090909091,
        "4-7": 0.5680000000000001
      },
      "summary": {
        "avg_node_utilization": 0.8483570397856112,
        "max_node_utilization": 0.9666666666666668,
        "min_node_utilization": 0.5714285714285714,
        "std_node_utilization": 0.13422903101779474,
        "avg_edge_utilization": 0.4959898494751437,
        "max_edge_utilization": 0.7916666666666667,
        "num_nodes_over_80pct": 4,
        "num_nodes_over_50pct": 7,
        "num_nodes_unused": 0,
        "num_edges_utilized": 8
      }
    }
  },
  "Yu2008": {
    "metrics": {
      "total_requests": 25,
      "successful_requests": 19,
      "acceptance_ratio": 0.76,
      "total_revenue": 2910,
      "total_cost": 3549,
      "revenue_cost_ratio": 0.819949281487743
    },
    "status": "SUCCESS",
    "utilization": {
      "peak_time": 50,
      "peak_active_vnrs": 7,
      "node_utilization": {
        "1": 0.8999999999999999,
        "2": 0.9600000000000001,
        "3": 0.85,
        "4": 0.9083333333333332,
        "5": 0.9666666666666667,
        "6": 0.8,
        "7": 0.8714285714285714
      },
      "edge_utilization": {
        "1-2": 0.5700000000000001,
        "1-3": 0.175,
        "1-6": 0.35789473684210527,
        "2-4": 0.9583333333333335,
        "2-5": 0.9666666666666666,
        "2-6": 0.5555555555555556,
        "2-3": 0.2235294117647059,
        "3-4": 0.1,
        "4-5": 0.2909090909090909,
        "4-7": 0.192,
        "5-7": 0.7142857142857142
      },
      "summary": {
        "avg_node_utilization": 0.8937755102040816,
        "max_node_utilization": 0.9666666666666667,
        "min_node_utilization": 0.8,
        "std_node_utilization": 0.05497922400710588,
        "avg_edge_utilization": 0.46401586448701565,
        "max_edge_utilization": 0.9666666666666666,
        "num_nodes_over_80pct": 6,
        "num_nodes_over_50pct": 7,
        "num_nodes_unused": 0,
        "num_edges_utilized": 11
      }
    }
  }
}