{
  "Simple_Greedy": {
    "metrics": {
      "total_requests": 20,
      "successful_requests": 15,
      "acceptance_ratio": 0.75,
      "total_revenue": 1693,
      "total_cost": 2228,
      "revenue_cost_ratio": 0.7598743267504489
    },
    "status": "SUCCESS",
    "utilization": {
      "peak_time": 100,
      "peak_active_vnrs": 6,
      "node_utilization": {
        "0": 0.7912087912087912,
        "1": 0.7,
        "2": 0.8571428571428572,
        "3": 0.4230769230769231,
        "4": 0.7446808510638298,
        "5": 0.8205128205128205,
        "6": 0.8333333333333333,
        "7": 0.6792452830188679,
        "8": 0.65
      },
      "edge_utilization": {
        "0-3": 0.2755102040816326,
        "3-0": 0.10204081632653061,
        "0-1": 0.5283018867924528,
        "1-0": 0.16981132075471697,
        "1-4": 0.3870967741935484,
        "4-1": 0.467741935483871,
        "1-2": 0.6307692307692307,
        "2-1": 0.12307692307692308,
        "2-5": 0.35,
        "5-2": 0.4666666666666667,
        "3-6": 0.4464285714285714,
        "6-3": 0.17857142857142858,
        "3-4": 0.2692307692307692,
        "4-3": 0.19230769230769232,
        "4-7": 0.5517241379310345,
        "7-4": 0.3620689655172414,
        "4-5": 0.4126984126984127,
        "5-4": 0.3968253968253968,
        "5-8": 0.2417582417582418,
        "8-5": 0.34065934065934067,
        "7-6": 0.18181818181818182,
        "8-7": 0.17543859649122806
      },
      "summary": {
        "avg_node_utilization": 0.7221334288174914,
        "max_node_utilization": 0.8571428571428572,
        "min_node_utilization": 0.4230769230769231,
        "std_node_utilization": 0.12583877164886254,
        "avg_edge_utilization": 0.3295702496992324,
        "max_edge_utilization": 0.6307692307692307,
        "num_nodes_over_80pct": 3,
        "num_nodes_over_50pct": 8,
        "num_nodes_unused": 0,
        "num_edges_utilized": 22
      }
    }
  },
  "RW_BFS": {
    "metrics": {
      "total_requests": 20,
      "successful_requests": 18,
      "acceptance_ratio": 0.9,
      "total_revenue": 2165,
      "total_cost": 2413,
      "revenue_cost_ratio": 0.8972233733941152
    },
    "status": "SUCCESS",
    "utilization": {
      "peak_time": 60,
      "peak_active_vnrs": 7,
      "node_utilization": {
        "0": 0.7582417582417582,
        "1": 0.8125,
        "2": 0.6904761904761905,
        "3": 0.7115384615384616,
        "4": 0.723404255319149,
        "5": 0.9487179487179487,
        "6": 0.9333333333333333,
        "7": 0.6415094339622641,
        "8": 0.8125
      },
      "edge_utilization": {
        "0-3": 0.04081632653061224,
        "3-0": 0.1326530612244898,
        "0-1": 0.8679245283018868,
        "1-0": 0.2641509433962264,
        "1-4": 0.6290322580645161,
        "4-1": 0.1935483870967742,
        "2-1": 0.6307692307692307,
        "2-5": 0.13333333333333333,
        "5-2": 0.11666666666666667,
        "3-6": 0.6071428571428571,
        "3-4": 0.11538461538461539,
        "4-3": 0.38461538461538464,
        "4-5": 0.2857142857142857,
        "5-4": 0.5079365079365079,
        "5-8": 0.13186813186813187,
        "8-5": 0.19780219780219782,
        "6-7": 0.2727272727272727,
        "7-6": 0.4727272727272727,
        "8-7": 0.3333333333333333
      },
      "summary": {
        "avg_node_utilization": 0.7813579312876784,
        "max_node_utilization": 0.9487179487179487,
        "min_node_utilization": 0.6415094339622641,
        "std_node_utilization": 0.09979445126875301,
        "avg_edge_utilization": 0.3325340312966103,
        "max_edge_utilization": 0.8679245283018868,
        "num_nodes_over_80pct": 4,
        "num_nodes_over_50pct": 9,
        "num_nodes_unused": 0,
        "num_edges_utilized": 19
      }
    }
  },
  "RW_MaxMatch": {
    "metrics": {
      "total_requests": 20,
      "successful_requests": 18,
      "acceptance_ratio": 0.9,
      "total_revenue": 2112,
      "total_cost": 2695,
      "revenue_cost_ratio": 0.7836734693877551
    },
    "status": "SUCCESS",
    "utilization": {
      "peak_time": 60,
      "peak_active_vnrs": 7,
      "node_utilization": {
        "0": 0.8241758241758241,
        "1": 0.7999999999999999,
        "2": 0.4880952380952381,
        "3": 0.9615384615384615,
        "4": 0.7446808510638298,
        "5": 0.9615384615384616,
        "6": 0.9333333333333333,
        "7": 0.9811320754716981,
        "8": 0.5375
      },
      "edge_utilization": {
        "0-3": 0.14285714285714285,
        "3-0": 0.336734693877551,
        "0-1": 0.24528301886792453,
        "1-0": 0.39622641509433965,
        "1-4": 0.22580645161290325,
        "4-1": 0.6935483870967742,
        "1-2": 0.49230769230769234,
        "2-1": 0.4307692307692308,
        "2-5": 0.5666666666666667,
        "5-2": 0.2,
        "6-3": 0.9464285714285714,
        "3-4": 0.7500000000000001,
        "4-3": 0.25,
        "4-7": 0.5172413793103448,
        "7-4": 0.3620689655172414,
        "4-5": 0.6507936507936507,
        "5-4": 0.2857142857142857,
        "8-5": 0.07692307692307693,
        "6-7": 0.5636363636363636,
        "7-6": 0.16363636363636364,
        "7-8": 0.38596491228070173,
        "8-7": 0.21052631578947367
      },
      "summary": {
        "avg_node_utilization": 0.8035549161352051,
        "max_node_utilization": 0.9811320754716981,
        "min_node_utilization": 0.4880952380952381,
        "std_node_utilization": 0.17400438308936755,
        "avg_edge_utilization": 0.4042333447354682,
        "max_edge_utilization": 0.9464285714285714,
        "num_nodes_over_80pct": 5,
        "num_nodes_over_50pct": 8,
        "num_nodes_unused": 0,
        "num_edges_utilized": 22
      }
    }
  },
  "Yu2008": {
    "metrics": {
      "total_requests": 20,
      "successful_requests": 17,
      "acceptance_ratio": 0.85,
      "total_revenue": 2085,
      "total_cost": 2763,
      "revenue_cost_ratio": 0.754614549402823
    },
    "status": "SUCCESS",
    "utilization": {
      "peak_time": 50,
      "peak_active_vnrs": 6,
      "node_utilization": {
        "0": 0.7252747252747253,
        "1": 0.55,
        "2": 0.3214285714285714,
        "3": 0.6730769230769231,
        "4": 0.7872340425531915,
        "5": 0.846153846153846,
        "6": 0.7,
        "7": 0.9811320754716982,
        "8": 0.6124999999999999
      },
      "edge_utilization": {
        "0-3": 0.16326530612244897,
        "3-0": 0.25510204081632654,
        "0-1": 0.24528301886792453,
        "1-0": 0.16981132075471697,
        "4-1": 0.7258064516129032,
        "1-2": 0.5692307692307692,
        "2-1": 0.18461538461538463,
        "2-5": 0.21666666666666667,
        "3-6": 0.2857142857142857,
        "3-4": 0.4807692307692308,
        "4-3": 0.4807692307692307,
        "4-7": 0.5517241379310345,
        "7-4": 0.3103448275862069,
        "4-5": 0.7142857142857142,
        "5-4": 0.1746031746031746,
        "5-8": 0.5054945054945055,
        "6-7": 0.2909090909090909,
        "7-6": 0.5454545454545455,
        "7-8": 0.19298245614035087,
        "8-7": 0.5087719298245614
      },
      "summary": {
        "avg_node_utilization": 0.6885333537732172,
        "max_node_utilization": 0.9811320754716982,
        "min_node_utilization": 0.3214285714285714,
        "std_node_utilization": 0.17690513884341708,
        "avg_edge_utilization": 0.37858020440845364,
        "max_edge_utilization": 0.7258064516129032,
        "num_nodes_over_80pct": 2,
        "num_nodes_over_50pct": 8,
        "num_nodes_unused": 0,
        "num_edges_utilized": 20
      }
    }
  }
}