{
  "Simple_Greedy": {
    "metrics": {
      "total_requests": 20,
      "successful_requests": 14,
      "acceptance_ratio": 0.7,
      "total_revenue": 1541,
      "total_cost": 2044,
      "revenue_cost_ratio": 0.7539138943248532
    },
    "status": "SUCCESS",
    "utilization": {
      "peak_time": 35,
      "peak_active_vnrs": 5,
      "node_utilization": {
        "0": 0.6923076923076923,
        "1": 0.625,
        "2": 0.5833333333333333,
        "3": 0.5,
        "4": 0.5957446808510638,
        "5": 0.6794871794871795,
        "6": 0.6166666666666667,
        "7": 0.2641509433962264,
        "8": 0.625
      },
      "edge_utilization": {
        "0-3": 0.7448979591836735,
        "0-1": 0.6603773584905661,
        "1-4": 0.5,
        "1-2": 0.8615384615384616,
        "2-5": 0.7833333333333332,
        "3-6": 0.7678571428571428,
        "3-4": 0.9230769230769231,
        "4-7": 0.20689655172413793,
        "4-5": 0.5714285714285714,
        "5-8": 0.5604395604395604,
        "6-7": 0.12727272727272726,
        "7-8": 0.21052631578947367
      },
      "summary": {
        "avg_node_utilization": 0.5757433884491291,
        "max_node_utilization": 0.6923076923076923,
        "min_node_utilization": 0.2641509433962264,
        "std_node_utilization": 0.12209364577373007,
        "avg_edge_utilization": 0.5764704087612141,
        "max_edge_utilization": 0.9230769230769231,
        "num_nodes_over_80pct": 0,
        "num_nodes_over_50pct": 7,
        "num_nodes_unused": 0,
        "num_edges_utilized": 12
      }
    }
  },
  "RW_BFS": {
    "metrics": {
      "total_requests": 20,
      "successful_requests": 18,
      "acceptance_ratio": 0.9,
      "total_revenue": 2116,
      "total_cost": 2325,
      "revenue_cost_ratio": 0.9101075268817205
    },
    "status": "SUCCESS",
    "utilization": {
      "peak_time": 95,
      "peak_active_vnrs": 7,
      "node_utilization": {
        "0": 0.7692307692307693,
        "1": 0.75,
        "2": 0.7261904761904762,
        "3": 0.9038461538461537,
        "4": 0.8617021276595744,
        "5": 0.7435897435897436,
        "6": 0.7166666666666667,
        "7": 0.9811320754716981,
        "8": 1.0
      },
      "edge_utilization": {
        "0-3": 0.30612244897959184,
        "0-1": 0.8679245283018868,
        "1-4": 1.0,
        "1-2": 0.7846153846153847,
        "2-5": 0.5333333333333333,
        "3-6": 0.6071428571428572,
        "3-4": 0.8076923076923076,
        "4-7": 0.3620689655172414,
        "4-5": 0.5396825396825397,
        "5-8": 0.5384615384615385,
        "6-7": 0.2,
        "7-8": 0.5614035087719298
      },
      "summary": {
        "avg_node_utilization": 0.828039779183898,
        "max_node_utilization": 1.0,
        "min_node_utilization": 0.7166666666666667,
        "std_node_utilization": 0.10506352304980952,
        "avg_edge_utilization": 0.5923706177082175,
        "max_edge_utilization": 1.0,
        "num_nodes_over_80pct": 4,
        "num_nodes_over_50pct": 9,
        "num_nodes_unused": 0,
        "num_edges_utilized": 12
      }
    }
  },
  "RW_MaxMatch": {
    "metrics": {
      "total_requests": 20,
      "successful_requests": 18,
      "acceptance_ratio": 0.9,
      "total_revenue": 2120,
      "total_cost": 2525,
      "revenue_cost_ratio": 0.8396039603960396
    },
    "status": "SUCCESS",
    "utilization": {
      "peak_time": 90,
      "peak_active_vnrs": 7,
      "node_utilization": {
        "0": 0.989010989010989,
        "1": 0.8125,
        "2": 0.8214285714285714,
        "3": 0.9423076923076924,
        "4": 0.9574468085106383,
        "5": 0.8974358974358974,
        "6": 0.7,
        "7": 0.7547169811320755,
        "8": 0.6625000000000001
      },
      "edge_utilization": {
        "0-3": 0.3877551020408163,
        "0-1": 0.9245283018867925,
        "1-4": 0.564516129032258,
        "1-2": 0.9846153846153847,
        "2-5": 0.9333333333333333,
        "3-6": 0.8035714285714286,
        "3-4": 0.5961538461538461,
        "4-7": 0.3793103448275862,
        "4-5": 0.5555555555555556,
        "5-8": 0.6373626373626373,
        "6-7": 0.8363636363636364,
        "7-8": 0.9122807017543859
      },
      "summary": {
        "avg_node_utilization": 0.8374829933139849,
        "max_node_utilization": 0.989010989010989,
        "min_node_utilization": 0.6625000000000001,
        "std_node_utilization": 0.11014502927073189,
        "avg_edge_utilization": 0.709612200124805,
        "max_edge_utilization": 0.9846153846153847,
        "num_nodes_over_80pct": 6,
        "num_nodes_over_50pct": 9,
        "num_nodes_unused": 0,
        "num_edges_utilized": 12
      }
    }
  },
  "Yu2008": {
    "metrics": {
      "total_requests": 20,
      "successful_requests": 17,
      "acceptance_ratio": 0.85,
      "total_revenue": 2085,
      "total_cost": 2763,
      "revenue_cost_ratio": 0.754614549402823
    },
    "status": "SUCCESS",
    "utilization": {
      "peak_time": 50,
      "peak_active_vnrs": 6,
      "node_utilization": {
        "0": 0.7252747252747253,
        "1": 0.55,
        "2": 0.3214285714285714,
        "3": 0.6730769230769231,
        "4": 0.7872340425531915,
        "5": 0.846153846153846,
        "6": 0.7,
        "7": 0.9811320754716982,
        "8": 0.6124999999999999
      },
      "edge_utilization": {
        "0-3": 0.41836734693877553,
        "0-1": 0.41509433962264153,
        "1-4": 0.7258064516129032,
        "1-2": 0.7538461538461538,
        "2-5": 0.21666666666666667,
        "3-6": 0.2857142857142857,
        "3-4": 0.9615384615384615,
        "4-7": 0.8620689655172413,
        "4-5": 0.8888888888888888,
        "5-8": 0.5054945054945055,
        "6-7": 0.8363636363636364,
        "7-8": 0.7017543859649122
      },
      "summary": {
        "avg_node_utilization": 0.6885333537732172,
        "max_node_utilization": 0.9811320754716982,
        "min_node_utilization": 0.3214285714285714,
        "std_node_utilization": 0.17690513884341708,
        "avg_edge_utilization": 0.6309670073474227,
        "max_edge_utilization": 0.9615384615384615,
        "num_nodes_over_80pct": 2,
        "num_nodes_over_50pct": 8,
        "num_nodes_unused": 0,
        "num_edges_utilized": 12
      }
    }
  }
}